A1: Ladder,B1: Soline_1,C1: Soline_2,D1: Soline_3,E1: Soline_4,F1: Soline_5,G1: Soline_6,H1: Soline_7,A2: Soline_8,B2: Soline_9,C2: Soline_10,D2: Soline_11,E2: Soline_12,F2: Soline_13
0,0,0,0,0,0,0,0,0,0,0,0,0,0
0,0,0,0,0,0,0,0,0,0,0,0,0,0
0,0,0,0,0,0,0,0,0,0,0,0,0,0
0,0,0,0,0,0,0,0,0,0,0,0,0,0
0,0,0,0,0,0,0,0,0,0,0,0,0,0
0,0,0,0,0,0,0,0,0,0,0,0,0,0
0,0,0,0,0,0,0,0,0,0,0,0,0,0
0,0,0,0,0,0,0,0,0,0,0,0,0,0
0,0,0,0,0,0,0,0,0,0,0,0,0,0
0,0,0,0,0,0,0,0,0,0,0,0,0,0
0,0,0,0,0,0,0,0,0,0,0,0,0,0
0,0,0,0,0,0,0,0,0,0,0,0,0,0
0,0,0,0,0,0,0,0,0,0,0,0,0,0
0,0,0,0,0,0,0,0,0,0,0,0,0,0
0,0,0,0,0,0,0,0,0,0,0,0,0,0
0,0,0,0,0,0,0,0,0,0,0,0,0,0
0,0,0,0,0,0,0,0,0,0,0,0,0,0
0,0,0,0,0,0,0,0,0,0,0,0,0,0
0,0,0,0,0,0,0,0,0,0,0,0,0,0
0,0,0,0,0,0,0,0,0,0,0,0,0,0
0,0,0,0,0,0,0,0,0,0,0,0,0,0
0,0,0,0,0,0,0,0,0,0,0,0,0,0
0,0,0,0,0,0,0,0,0,0,0,0,0,0.07535534
0,0,0,0,0,0,0,0,0,0,0,0,0,0.08140471
0,0,0,0,0,0,0,0.1157304,0,0,0,0,0,0.05124235
0,0,0,0,0,0,0,1.070699,0,0,0,0,0,0.009503121
0,0,0,0,0,0,0,1.174122,0,0,0,0,0,0.05514529
0,0,0,0,0,0,0,1.175496,0,0,0,0,0,0.1189519
0,0,0,0,0,0,0,1.055951,0,0,0,0,0,0.1355804
0,0,0,0,0,0,0,0.868652,0,0,0,0,0,0.1083967
0,0,0,0,0,0,0.2115292,0.9021007,0,0,0,0,0,0.09926394
0,0,0.3285832,0,0,0,0.4050786,0.2936194,0,0,0,0,0,0.08042794
0,0,0.5399383,0,0,0,0.2592666,0.03035511,0,0,0,0,0,0.04098036
0,0,0.493887,0.3657329,0,0,0.00122622,0.1056372,0,0,0,0.4027925,0,0.0669812
0,0,0.5061671,0.7943194,0,0,0.07450821,0.2180827,0,0,0,0.417241,0,0.1190974
0,0,0.4339376,1.097893,0,0,0.1205791,0.2671993,0,0,0,0.418788,0,0.1912624
0,0.103677,0.4114519,1.057218,0,2.322303,0.1847889,0.3035627,0,0,0,0.387081,0,0.2534721
0,0.447548,0.2657319,0.8138598,2.885989,1.586701,0.2125216,0.5451661,0,0.02209468,0,0.3207586,0,0.2805741
0,0.8811098,0.1349458,0.7527471,2.595215,0.8008089,0.2323204,0.9734329,0,0.438953,0,0.2421459,0,0.3317397
0,0.8045687,0.2487034,0.7990233,2.294722,0.4370799,0.2199698,1.084964,0.1551452,0.4165415,0,0.06408082,0.2391491,0.3328803
0,0.7041647,0.1146292,0.8751684,2.262746,0.1147271,0.1165527,1.059397,0.7041773,0.4139054,0,0.03724753,0.1276729,0.29119
0,0.6629648,0.09010067,1.351349,2.505131,0.01857454,0.1100973,1.214152,1.072658,0.2661325,0.03476065,0.2219092,0.06265453,0.330156
0.3218102,0.7253196,0.4187164,1.604073,2.447085,0.2895477,0.2079179,1.346833,1.112006,0.08400818,0.08249615,0.2801645,0.215375,0.3239083
0.7642216,0.71204,0.7452173,1.540295,2.389836,0.7301253,0.210506,1.611383,0.8372877,0.01305873,0.1910021,0.3932021,0.3577772,0.2819046
0.9686043,0.6746143,1.190705,1.404377,2.830017,0.8924854,0.2095206,1.729378,1.009772,0.07179503,0.3924398,0.4179498,0.5194787,0.2480833
1.044478,0.992881,1.500759,0.9597059,3.151959,0.6689783,0.1483869,1.863779,0.6774371,0.06626485,0.4336589,0.4383726,0.4894895,0.192893
1.204585,1.317653,1.834708,0.5281444,3.30787,0.7709785,0.187698,2.019548,0.247746,0.180418,0.4384386,0.4836411,0.4242749,0.1939511
1.360846,1.633824,1.964122,0.7082547,3.271629,1.204902,0.2884251,2.063766,0.4066685,0.309544,0.3910049,0.4733104,0.412886,0.2037032
1.494253,2.328309,2.223134,0.6362478,3.341496,1.0036,0.4359189,2.033475,0.8043591,0.3981375,0.1918859,0.4713542,0.4768907,0.2203101
1.829696,3.293231,1.994408,1.029691,3.713797,0.7333133,0.740407,1.848416,1.457954,0.6364463,0.2296238,0.5565214,0.5801117,0.2354618
2.256398,3.530642,2.04459,1.318762,3.634584,1.069261,0.7972946,1.733345,1.556478,0.5112336,0.212594,0.6093197,1.012103,0.2965061
2.525647,3.551017,1.860566,1.488584,3.531282,1.338572,0.7929967,1.739181,1.785367,0.4371933,0.1780271,0.7009812,1.358914,0.3974062
2.639435,3.658716,1.951714,1.834978,3.578324,1.475338,0.6351551,1.857657,2.560075,0.396701,0.3819065,0.7098885,1.689387,0.4515818
2.668415,3.446669,1.956989,1.889563,3.417196,1.615563,0.5300897,2.037711,2.712295,0.3353445,0.4852929,0.6537139,2.043247,0.4637388
2.662325,3.193384,2.075196,1.888339,3.588744,1.881666,0.5428036,2.214465,2.765254,0.3226659,0.5895159,0.6654801,2.509739,0.481993
2.587902,3.148144,2.081629,2.172168,3.608371,2.171645,0.5874733,2.265526,2.961841,0.3314222,0.6728005,0.6758649,2.838522,0.574823
2.723444,3.442847,2.333411,2.447628,3.576364,2.133018,0.7196288,2.244715,3.030668,0.4821068,0.712563,0.671782,3.234368,0.5661097
2.869453,3.977219,2.375948,2.580949,4.101964,2.466776,0.8545715,2.243826,3.122167,0.7292435,0.8270778,0.746722,3.479338,0.5671574
2.723891,4.302763,2.442405,2.629049,4.63543,2.725096,1.156624,2.380813,3.002914,0.9179708,0.9191831,0.9160763,3.691883,0.5232927
2.538703,4.718864,2.646989,2.720992,4.875133,2.53536,1.383174,2.595875,3.312707,1.139223,0.8158293,1.104841,3.761203,0.5136332
2.521033,5.087115,2.728739,2.882965,4.975897,2.699611,1.520508,2.629847,3.647148,1.332753,0.908134,1.268424,3.831631,0.5045947
2.695088,4.906779,2.896693,2.948424,5.167956,3.26377,1.711201,2.75661,3.882068,1.432672,0.9445105,1.317351,3.997934,0.5052367
2.775718,5.339092,3.16368,3.231442,5.671791,3.548778,1.82615,2.915029,4.009682,1.488827,0.9761315,1.411068,4.176927,0.5815468
3.112164,5.690653,3.560532,3.499537,5.754415,4.083758,1.895444,3.061134,4.896156,1.467385,1.059907,1.40783,4.559653,0.648774
3.830985,6.046036,3.979037,3.805267,5.590561,4.313858,1.841855,3.251978,5.510832,1.481087,1.048411,1.291808,4.777826,0.7256351
4.324858,6.274383,4.086687,4.036501,5.81349,4.677015,1.923768,3.451477,6.034974,1.497241,1.093113,1.238022,4.763814,0.7946213
4.545802,6.398017,4.261781,3.74227,6.174982,4.889436,2.081315,3.635333,6.280878,1.400701,1.074566,1.242099,4.748301,0.8501679
4.968344,6.654421,4.408581,3.416559,6.441569,4.611248,2.224434,3.815672,6.637888,1.63667,1.166915,1.209318,4.570899,0.8289222
4.867918,6.645303,4.309065,3.294481,6.788645,4.535156,2.267967,4.002401,6.817055,1.773648,1.300838,1.314573,4.156809,0.8710949
4.613055,6.510559,4.564592,3.40971,7.670838,4.5157,2.374803,4.164445,6.431441,1.747462,1.35021,1.378732,3.872981,0.8957711
4.391588,6.508048,4.932303,3.599113,7.861307,4.561512,2.515304,4.238853,6.18,1.792166,1.420889,1.571069,3.604746,0.953381
4.485466,6.647539,5.268317,3.938654,7.468562,5.030332,2.656715,4.406844,5.973518,1.895673,1.528717,1.779133,3.853153,0.9863776
4.661041,7.362919,5.842649,4.153626,6.945383,5.716405,2.736782,4.580329,6.082915,1.833795,1.53461,1.788767,3.836621,1.025828
4.916316,7.394851,5.974005,4.56576,6.532459,6.0602,2.852331,4.579349,6.157465,1.870883,1.461554,1.869545,3.77901,1.09215
5.288519,7.311706,6.164599,4.787416,6.024088,6.320868,2.772749,4.486263,6.015785,1.752402,1.387195,1.85862,3.748636,1.066843
5.743872,7.297191,6.339464,4.825065,5.765621,6.393945,2.773688,4.29543,6.257746,1.875459,1.472256,1.792794,3.399249,1.076107
5.797357,7.512812,6.30471,5.006192,5.694541,6.606162,2.766068,4.26946,6.647545,1.835967,1.581066,1.845666,3.148064,1.050588
5.64353,7.077802,6.266266,5.316275,4.976318,6.46337,2.674211,4.280634,6.993715,1.728122,1.571862,1.988601,2.960148,0.9901267
5.343222,7.186996,6.305906,5.290122,3.1691,6.32234,2.567167,4.273598,7.360729,1.708213,1.618281,2.075456,3.122745,0.9424081
5.138153,7.174154,6.051939,5.133909,1.269966,6.593131,2.595508,4.324665,7.502315,1.868551,1.705433,2.147883,3.430108,0.9497467
5.23208,7.455367,5.734151,5.030798,0.07340319,7.247646,2.728915,4.536127,7.406563,1.814473,1.739544,2.360892,3.883277,0.9269449
5.23683,7.353242,5.487828,5.093235,0.9654787,7.009708,2.854506,4.644673,7.154867,1.826207,1.697304,2.516322,4.133517,0.9452094
5.131382,7.252254,5.273437,5.162792,2.282635,6.950061,2.949004,4.79562,6.890777,1.901551,1.630029,2.598751,4.309523,0.9648188
4.994119,7.243964,5.33323,5.143174,4.657473,6.845145,3.170028,4.828032,6.56214,1.948452,1.617821,2.547465,3.927477,0.9938173
4.859083,7.455172,5.40894,5.066022,6.751401,7.045193,3.153373,4.955421,6.597259,1.923175,1.629031,2.564861,4.128051,1.007286
4.382592,8.00012,5.738787,4.84021,8.422264,6.97734,3.113697,4.984284,6.672922,1.866806,1.560749,2.634858,4.255159,1.006259
4.109853,8.04417,5.933911,4.322267,8.937527,6.598912,2.979514,5.157831,6.841669,1.950739,1.58185,2.526727,4.488096,1.031451
3.7749,8.339129,6.001965,3.907583,8.988522,6.36218,2.793743,5.175025,6.934448,1.951283,1.644297,2.421839,4.759097,1.013354
4.187983,8.190874,5.980836,3.632715,9.115746,6.619816,2.87325,5.14225,6.92623,1.977121,1.624974,2.396947,5.072768,0.9794229
5.018348,7.78398,5.716916,4.075182,9.293486,6.801207,3.020954,5.142105,6.81232,1.951557,1.591944,2.368441,5.106317,1.010584
5.462733,7.373937,5.517261,4.345441,9.829803,6.607862,3.155799,4.902835,6.725146,1.935149,1.566744,2.321167,4.811494,1.041492
5.740535,7.091805,5.363647,4.528876,10.0052,6.408718,3.231981,4.524903,6.192374,2.009275,1.684786,2.42521,4.759182,1.058683
5.706906,6.854863,5.291447,4.798905,9.81958,6.149952,3.224725,4.205255,6.092261,2.009051,1.72857,2.450303,4.777332,1.078597
5.609207,6.780999,5.491019,4.78192,9.633393,6.111237,3.197556,4.144173,5.797307,1.997375,1.706209,2.494458,4.802886,1.104929
5.162925,6.876954,5.672068,4.840502,9.666704,6.133194,3.172474,4.1528,5.475383,1.952953,1.69356,2.444195,4.923452,1.145784
4.714215,6.933092,5.836176,4.635126,9.412883,6.284059,3.117113,3.957074,5.409716,1.904738,1.662624,2.381398,5.039256,1.148019
4.318176,6.70875,6.221614,4.462896,8.946054,6.983241,2.994971,3.992685,5.218867,1.846936,1.52282,2.257328,4.870561,1.124291
4.544651,6.89341,6.478014,4.526522,8.876801,7.000197,3.085641,4.265971,5.247119,1.855362,1.374739,2.070725,4.774534,1.122337
4.494853,6.754646,6.890093,4.387094,8.905309,6.775447,2.985815,4.671407,5.489878,1.826256,1.282438,1.897212,4.500103,1.10915
4.309898,6.685615,7.151846,4.015453,9.110151,6.47846,2.80442,4.782711,5.651733,1.788828,1.308701,1.962132,4.535415,1.066142
4.031762,6.556799,7.415082,4.081181,9.205089,6.223094,2.659539,5.050153,5.992575,1.720194,1.342002,2.058919,4.252622,1.039521
4.277979,6.055118,7.793341,3.855288,8.76405,6.076211,2.509606,5.360164,5.766737,1.605432,1.223056,2.062344,4.015235,0.9975178
4.473413,5.892048,7.820997,3.678643,7.830542,6.451341,2.486907,5.719122,5.310364,1.528662,1.09298,2.161035,3.830907,0.9440817
4.567104,5.916083,7.726187,3.670643,6.897735,6.943293,2.348104,5.722583,5.399329,1.588203,1.073008,2.24857,3.627392,0.9418811
4.371452,5.49432,7.550975,3.646486,6.015258,7.179904,2.324536,5.844133,4.554251,1.61705,1.07157,2.246039,3.432058,1.022052
4.390583,5.402094,7.214773,3.73338,5.445434,7.104799,2.194108,6.133731,3.929743,1.64344,1.150794,2.232434,3.395986,1.06687
4.286937,5.271997,6.730365,3.78231,5.405607,6.875397,2.109418,6.314342,3.580309,1.736814,1.32051,2.222717,3.292779,1.110091
4.232768,5.143364,6.172296,3.822332,5.52254,6.790611,1.976645,6.52404,3.459036,1.777744,1.442452,2.266154,3.127529,1.172445
4.134037,4.90569,5.880352,3.905755,6.022805,6.562677,1.834247,6.79136,3.452509,1.801683,1.617523,2.321931,2.985401,1.223683
4.222126,4.63658,5.412341,3.854744,5.773345,6.274451,1.857927,6.970983,3.845719,1.703503,1.744353,2.277369,2.812093,1.182394
4.535551,4.757419,5.257694,3.746238,5.561648,6.584502,1.932598,7.022154,4.038953,1.643154,1.707355,2.317083,2.476046,1.172873
4.818752,5.009266,4.967111,3.69468,5.555749,7.14204,1.99779,7.213636,4.34515,1.71151,1.73538,2.401247,2.563228,1.127915
4.764278,5.465722,4.628236,3.689973,5.674761,7.858772,2.072948,7.325588,3.681061,1.586346,1.769341,2.37243,2.515253,1.135571
4.704571,4.778856,4.326428,3.778772,5.475197,8.764259,2.244092,7.24911,4.010375,1.628433,1.671191,2.291373,2.626745,1.142483
4.607781,4.62963,3.880234,3.752747,5.851082,9.097018,2.284307,6.792976,4.220729,1.608986,1.583039,2.170171,2.612892,1.171849
4.801996,4.665522,4.063331,3.918614,5.970724,9.155935,2.4153,6.348246,4.354577,1.59742,1.539293,2.163625,2.701608,1.215167
4.710755,4.766871,4.078173,4.021525,6.062145,8.567771,2.379859,6.14082,4.377736,1.667471,1.482502,2.197015,2.815215,1.279253
5.197576,4.705207,4.081009,3.983386,6.138812,8.167912,2.221232,5.730117,4.854304,1.579825,1.504464,2.279071,2.928437,1.323266
4.822868,4.932174,4.061909,3.898,6.226318,8.361658,2.142441,5.391076,5.039505,1.542838,1.537412,2.373858,2.86336,1.388099
4.806806,5.128453,4.269828,4.040061,6.588718,8.935697,2.005061,5.264316,4.625246,1.669093,1.551058,2.482231,3.117002,1.482778
4.657672,5.206803,4.103073,4.057737,6.576292,9.444323,1.999181,5.342116,4.241092,1.781145,1.733449,2.458181,3.288805,1.553117
4.686277,5.033802,3.847267,4.208264,6.446406,10.05203,2.152597,5.287607,4.35428,1.934314,1.726146,2.382252,3.318879,1.589767
4.970313,5.001015,3.986412,4.077098,6.615078,10.34017,2.290684,5.287917,4.399574,2.022185,1.773733,2.326252,3.202643,1.652809
5.453183,5.103964,3.960805,4.043106,6.523681,10.68277,2.500611,5.36485,4.247186,2.171534,1.864521,2.36358,3.167132,1.680512
5.808571,5.326632,4.030786,4.104935,6.205031,10.16515,2.687692,5.648684,4.446561,2.361583,1.912645,2.357268,3.131122,1.74129
6.360924,5.563278,3.996821,4.094893,6.53224,10.22652,2.659033,5.82429,4.557789,2.421839,1.977021,2.480685,3.020675,1.848488
5.974192,5.800986,3.99469,4.017555,6.749992,10.14627,2.761642,5.990378,4.71328,2.404915,2.070301,2.548817,3.17342,1.964478
5.843451,6.145951,4.083944,4.198102,6.965212,10.33399,2.905043,6.149781,4.550318,2.447002,2.195832,2.694366,3.403044,2.119885
5.740434,5.91077,4.263357,4.488927,7.065198,10.66907,2.940356,6.240819,4.679088,2.431356,2.378152,2.798248,3.529443,2.314626
5.796532,6.469647,4.205655,4.812971,7.077907,10.8685,3.03115,6.438364,4.672104,2.520933,2.476219,2.907429,3.715244,2.526906
6.17776,7.382356,4.39884,4.93536,7.337578,11.31499,3.115242,6.657803,4.397264,2.497128,2.749451,3.037961,4.014439,2.738282
6.469902,7.837554,4.583869,4.972021,7.519859,11.53579,3.351213,6.999537,4.300637,2.545169,2.895706,3.192492,4.290642,2.936324
6.664038,8.464845,4.85167,5.263908,7.659351,11.647,3.737438,7.508149,4.754683,2.778931,3.107369,3.401469,4.714637,3.152333
6.905702,8.777289,5.422529,5.706964,8.213978,12.18293,4.181193,7.99175,5.410547,3.072958,3.336294,3.614897,5.181524,3.498033
7.240541,9.152704,5.906885,6.173122,8.974095,12.52509,4.751425,8.240032,6.113612,3.602125,3.720071,3.969866,5.989855,4.013157
7.585086,9.864872,6.766683,6.604964,9.807628,13.3284,5.535573,8.60507,6.945974,4.348568,4.258379,4.553296,6.719068,4.950645
8.113987,10.47448,7.942615,7.503873,10.54951,14.89491,6.385245,9.425609,7.976441,5.338249,5.053066,5.333463,7.545282,6.274097
9.440395,11.92392,9.474689,8.914632,12.30725,16.6293,7.747941,11.04945,9.507421,6.744058,6.419577,6.637957,9.069542,8.181369
12.26866,14.84091,11.93061,11.18941,14.82008,18.83819,10.14093,13.45514,11.45461,8.808469,8.766061,8.474298,11.52581,10.89532
16.13948,18.29553,15.46604,14.61325,18.52276,21.31409,13.48441,17.33149,14.58945,11.49214,11.94546,11.47573,15.37038,14.87778
21.29841,22.95282,20.73417,19.25329,23.74206,24.83917,18.42759,22.54219,18.99803,15.81291,16.52604,15.91991,20.6369,20.10018
28.62868,30.04376,28.20543,26.13459,30.99689,30.60636,25.44378,30.00727,26.13377,21.97151,23.06293,22.0967,28.25694,27.37114
37.89672,38.85775,38.44116,35.85342,41.14503,38.19861,35.46672,39.53828,35.74469,30.18278,32.41279,30.64257,37.90237,37.2081
50.74059,50.85785,50.56586,48.51428,54.2903,48.83388,49.04416,52.28771,48.44533,41.0485,44.76168,42.42492,50.26144,50.46702
67.29828,66.6401,67.11002,64.45237,71.47714,62.42524,66.26308,69.36942,65.20119,55.33109,60.70921,57.72136,66.22046,67.03934
88.71758,86.51498,87.94964,85.05059,92.75367,81.13309,87.49469,91.09699,86.13853,73.51028,81.07069,77.51864,87.2867,87.62077
116.1464,111.9449,114.4926,110.5085,119.4462,105.7299,114.226,118.9338,110.6031,96.99665,107.155,102.273,112.7399,111.6534
149.9596,143.6774,145.8663,140.5459,151.1856,135.9938,144.6546,152.5512,141.0391,126.1658,137.601,131.4984,142.4788,141.1855
189.5867,178.7946,181.6327,176.5119,187.2011,172.1746,179.9369,192.1191,175.6844,159.9135,172.7632,167.4147,176.8172,175.7209
233.5801,219.6295,222.6107,216.9421,229.1864,214.2802,220.4202,235.6366,214.3887,198.5957,212.9642,206.7933,216.0656,214.8164
278.8442,265.6538,270.5103,261.5731,275.3553,262.3768,264.1665,281.9514,258.1723,242.6541,257.6879,249.8369,260.4885,257.1836
325.8594,315.4837,319.4401,308.577,322.1297,314.1135,309.7169,327.4276,307.2291,291.2443,304.0669,296.7296,307.6407,302.1884
371.0786,366.2931,369.5054,355.5024,370.4449,364.8949,355.8552,374.0146,357.0174,342.9103,351.9795,345.466,355.9665,348.1188
412.3227,412.5477,416.7372,398.0726,415.6372,411.838,401.7115,414.5081,404.5761,393.2414,397.4143,393.0425,400.5036,392.6608
447.6058,452.226,456.6995,434.9125,453.3215,452.3214,442.6645,448.019,444.445,438.1277,438.7976,436.2876,442.8541,432.6055
475.4961,482.4131,484.9505,464.6786,480.8428,482.7238,474.188,474.1856,476.3243,475.0798,472.7731,469.8776,475.0879,464.7794
492.9059,497.317,498.4015,487.3079,496.502,497.0631,492.8199,492.0071,495.1936,495.6719,494.6961,491.4919,494.9349,487.5391
499.7305,499.38,496.1638,498.7386,499.5356,498.3514,499.5377,499.926,498.6211,498.0074,499.337,499.5322,498.7512,498.5994
492.7137,486.4979,481.2856,497.712,491.1013,487.8557,490.388,493.0519,489.2413,484.5368,488.7251,492.8752,489.0886,497.2336
474.9661,463.4389,453.8821,480.4689,469.7184,466.2989,466.5521,473.8655,469.1036,456.8637,464.0929,474.0125,465.8417,482.5555
448.617,430.4594,417.1191,451.5374,441.3775,434.902,431.9664,441.9196,437.6851,420.3341,429.2522,441.8837,431.113,457.737
415.859,389.8355,374.2862,410.3354,407.5141,396.2834,391.5267,400.6881,401.1981,377.8708,386.572,401.0438,385.4163,423.4925
378.7993,346.0705,327.9253,361.1823,367.77,354.5034,347.3167,351.9496,359.118,332.2294,340.8015,354.7999,339.5362,382.5835
338.5679,301.1048,282.3197,309.3642,325.3605,311.2795,300.8533,300.775,315.862,287.9914,295.8542,305.8281,293.829,336.6036
299.0268,258.0857,239.922,261.0224,283.312,268.1313,254.6103,252.0432,275.0933,246.17,251.891,256.5883,248.8503,287.9865
259.6784,218.5624,200.9882,216.5925,243.9921,227.7345,213.8322,208.6207,237.2729,206.8601,209.3667,211.5704,208.2923,240.5833
223.9127,183.952,166.8435,177.6239,208.6003,192.7057,178.145,171.7141,202.985,172.2267,171.3838,172.3299,172.8099,196.5757
190.6989,153.8871,139.4478,145.1097,177.4201,162.4159,148.4391,141.3724,173.0699,142.022,139.3869,139.7978,143.399,158.6406
161.8699,129.7643,116.4073,119.595,152.6603,137.9379,125.0331,116.5628,147.8172,117.7813,114.5491,113.2228,119.8841,127.8105
138.7905,111.2297,98.63005,99.62298,133.3922,118.3002,107.2551,98.15064,127.928,99.00716,95.40874,92.01969,101.8952,103.3714
120.1753,97.06216,85.92564,85.3577,117.9334,104.1437,94.00918,85.43428,112.8549,84.03206,81.31916,76.33272,88.77194,85.23499
104.6215,86.55449,76.92831,75.40501,105.6306,93.46767,84.16653,77.03611,100.7871,73.18781,71.11638,65.43882,79.3329,72.00076
92.87294,78.97734,70.70877,68.78811,96.01509,85.98403,76.52733,70.92371,92.622,65.59626,63.43197,57.79856,72.64238,62.87372
83.01029,73.71326,66.26423,64.3959,88.53559,80.45184,71.33968,66.59185,87.00169,59.96351,57.91291,52.65156,68.25843,57.01846
75.62347,70.1516,63.54515,61.18003,82.98181,76.46546,67.4963,63.83192,82.58364,56.09149,54.21625,49.07427,64.84651,53.35686
69.50965,67.41527,61.62016,59.1458,78.46212,74.06337,64.5767,61.94923,78.71728,53.07211,51.39915,46.37275,62.03598,50.71669
64.27857,65.78115,59.99491,58.05726,74.92746,71.8486,62.65815,60.4117,75.79427,50.40213,49.13049,44.41977,59.73819,48.67424
60.07387,64.96323,58.90074,57.01159,72.30769,69.2337,60.94939,59.33156,73.56184,48.30499,47.1093,42.56998,57.85908,46.87133
56.69994,63.95819,58.23954,56.34306,69.85321,68.01134,59.40054,58.68222,71.16132,45.85442,45.39055,40.79981,55.73557,45.46361
53.84933,62.90068,57.49593,55.78416,67.86104,66.76255,57.88099,58.42228,69.44023,43.63923,43.71152,39.11636,53.76291,43.85637
51.34299,61.71898,56.15607,55.1492,65.62152,65.16115,56.3029,57.87727,67.63013,41.50828,42.01098,37.5154,51.78564,42.08496
49.29287,60.55195,54.60424,54.43979,63.40551,64.19698,54.70373,56.79413,66.02567,39.40396,40.3794,36.04802,49.76252,40.28519
47.34027,59.67587,53.22247,53.37231,60.99895,62.88385,53.05056,55.85383,64.71525,37.43229,38.88421,34.67178,47.64286,38.45276
45.57815,58.62829,51.99547,52.72461,58.6633,62.34984,51.26445,54.71384,63.31956,35.58769,37.21164,33.09911,45.5241,36.62644
44.44675,57.51338,50.71432,52.18122,56.75807,61.67142,49.48567,53.41076,61.79833,33.98283,35.59271,31.65757,43.58571,34.88315
42.30391,56.36439,49.18407,51.3203,55.12478,60.33988,47.70692,51.82138,60.50884,32.6289,33.80891,30.19871,41.44165,32.95858
40.65834,54.90278,48.01587,50.44254,53.56501,59.43927,46.04116,50.45232,58.72741,31.15757,31.96168,28.8271,39.56195,31.16803
39.36244,53.55986,47.08352,49.64763,51.86658,58.83039,44.73532,49.26661,56.86112,29.63775,30.26048,27.50442,37.74041,29.55996
39.08019,52.40685,46.05805,48.55771,49.87641,57.68975,43.34133,47.87646,55.28513,28.16523,28.61092,26.30194,36.02295,27.99364
39.80768,51.42292,44.90186,47.7317,47.88294,56.73287,42.31514,46.6781,53.84931,26.68303,27.20658,25.1757,34.51577,26.51284
42.62149,50.10598,43.99274,46.79074,45.65667,55.62204,41.33998,45.96704,52.79734,25.33321,25.92267,24.23282,33.16987,25.09242
47.56351,49.16322,43.13512,45.97273,43.73413,54.49931,40.27574,45.05318,51.40224,24.14771,24.64698,23.3821,31.77279,23.91471
54.90719,48.21019,42.39552,45.42032,42.24591,53.68116,38.9798,43.90875,50.27102,23.18056,23.49567,22.66335,30.57535,22.92166
64.34973,47.53855,41.43047,44.68309,41.21873,52.85922,38.13365,43.0887,48.90314,22.44063,22.38036,21.87333,29.45503,21.9734
77.02515,46.84573,40.79377,43.77083,40.57854,52.57808,37.30814,42.22602,47.56993,21.68594,21.27618,21.27049,28.56257,20.96669
95.4966,46.69141,40.25672,43.1727,40.22491,52.19812,36.75678,41.20435,45.8447,20.77057,20.33024,20.78622,27.48084,19.97586
119.568,46.86038,40.05017,42.73724,39.31685,52.4422,36.07947,40.48889,44.82809,19.99596,19.5162,20.3701,26.51481,19.14218
149.2988,47.22947,39.63635,42.59297,38.61837,52.54313,35.64624,39.73677,43.96018,19.14069,18.76675,19.91286,25.7791,18.40917
183.2671,47.37833,39.40252,42.74063,37.86026,52.10327,34.93343,39.08733,43.48953,18.334,18.11558,19.33957,25.32255,17.69356
219.4972,47.61901,38.91643,42.29785,37.17627,51.82777,33.8618,38.45793,42.84148,17.59585,17.54891,18.84401,24.75406,17.03871
255.9839,47.74122,38.68332,42.23203,36.62317,51.38124,33.09565,37.37352,42.30469,17.10538,17.23885,18.48387,24.23563,16.45229
287.6384,47.92656,38.30083,41.8612,36.12694,51.23296,32.61798,36.83433,41.66755,16.73362,16.80373,18.22737,23.86033,15.95536
311.6331,47.62581,38.0824,41.39076,35.59388,51.02516,32.40722,36.54382,41.16805,16.63675,16.5452,18.01139,23.56982,15.29946
326.4697,47.53715,37.9781,40.94926,35.23328,50.42548,32.48665,36.31177,40.99318,16.48096,16.26531,17.86697,23.08921,14.69209
331.5741,47.47363,38.12915,40.62365,34.6573,50.79857,32.64531,36.60018,41.17971,16.40394,15.87182,17.69309,22.55165,14.15199
326.526,47.77859,38.59185,40.11066,34.19875,50.85654,32.5952,36.82841,40.40939,16.37968,15.33652,17.55816,22.18409,13.74271
311.1208,48.50327,38.73462,40.23501,34.05428,50.67107,32.60766,36.51215,40.01922,16.26614,14.85529,17.45096,21.83938,13.35227
288.004,49.248,38.44989,40.44751,33.79759,50.32609,32.41418,36.21957,40.0724,16.13698,14.58951,17.19019,21.44709,12.92937
260.1768,49.64437,38.1172,40.49509,33.88063,50.43653,32.48428,35.86523,39.75385,16.02324,14.41377,17.07179,21.12807,12.53272
229.881,49.6387,37.98727,40.69504,34.02565,50.77061,32.36657,35.80933,39.4702,15.84533,14.25974,16.94047,20.97149,12.08034
199.4595,49.29212,37.81409,40.90037,33.89867,51.37906,32.18746,35.63552,39.47219,15.71874,14.18158,16.67402,20.99156,11.59299
171.0808,48.71989,37.86078,41.19387,33.45142,51.96474,32.12077,35.70311,39.38496,15.69761,14.06147,16.46,20.96112,11.02773
147.0423,48.40139,37.91644,41.27879,33.16564,52.41097,32.17334,36.04158,39.52511,15.67002,13.94339,16.18961,20.79018,10.5342
126.7038,48.1623,38.2341,40.98214,32.88533,53.10917,31.91063,36.45412,39.34483,15.52975,13.65992,15.90896,20.48538,10.16973
109.9712,48.71033,38.53447,40.7054,32.57333,54.24962,31.58995,36.47991,39.56511,15.5404,13.51244,15.80487,20.1379,9.886193
96.5532,49.12994,38.75938,40.88732,32.40173,54.12333,31.45463,36.47715,39.63731,15.62159,13.52506,15.81257,19.8433,9.674525
85.54485,48.88902,38.74216,40.88522,32.54428,54.01751,31.42522,36.17751,39.1767,15.64351,13.55665,15.8463,19.61557,9.470038
76.62457,48.71394,38.58613,40.98598,32.94552,53.82395,31.5272,35.96141,38.93302,15.63139,13.52025,15.90939,19.47998,9.237138
69.76122,48.57939,38.66105,41.17834,33.15577,53.96566,31.5213,36.024,38.55764,15.52154,13.45515,15.95595,19.43365,9.08427
64.83338,48.60156,38.91806,41.48323,33.30679,54.06012,31.58961,35.22758,38.04631,15.62239,13.33827,15.9925,19.2041,8.863904
61.06185,49.01707,38.91138,41.65976,33.18721,53.88408,31.70429,35.09156,37.68855,15.72128,13.2401,16.02022,18.89142,8.677236
57.98886,49.53733,38.79914,41.62044,32.79013,53.73266,31.69267,34.99684,37.75521,15.49191,13.10601,15.93591,18.65275,8.549912
55.41594,49.89922,38.76183,41.32648,32.3496,54.54247,31.48098,34.67984,37.97303,15.42376,13.03268,15.92289,18.43646,8.455386
53.69479,50.29908,38.93252,41.30555,31.80057,54.3424,31.27649,34.49959,38.32846,15.45466,13.00889,15.78133,18.54311,8.435655
52.40091,50.10186,38.95618,40.81943,31.51952,54.06083,31.07849,34.58103,38.23283,15.36392,13.00117,15.70856,18.60954,8.448179
51.13505,50.10139,38.79408,40.428,31.54578,53.60658,31.02242,34.31258,38.17797,15.16084,12.921,15.66447,18.60138,8.430478
50.12987,50.23557,38.98515,40.11838,32.07698,53.89359,30.75968,34.83914,38.10506,14.93556,12.8667,15.64767,18.5783,8.476331
49.70049,50.34656,39.43736,39.88067,32.5473,53.50334,30.60237,34.96805,38.01627,14.69286,12.75523,15.51661,18.3883,8.653206
49.6234,50.00828,39.70541,39.98017,32.92328,53.73194,30.3851,34.954,37.69035,14.48699,12.61425,15.57741,17.96873,8.754617
50.11795,49.06503,39.94628,40.24502,32.91365,53.93941,30.19431,35.0544,37.22382,14.21465,12.48021,15.39884,17.83339,8.8238
51.45147,48.55645,40.26981,40.70528,32.97488,54.44857,30.21175,34.54186,37.11083,14.10574,12.33215,15.22686,17.55354,8.824133
54.75124,47.69375,40.30939,40.92112,33.20308,54.50743,30.21597,34.52445,37.28102,14.05368,12.24197,15.12297,17.36054,8.758396
61.00617,47.64999,40.24906,40.86275,32.97504,54.22986,29.96882,34.40186,37.53669,13.75253,12.15854,15.09719,17.41219,8.752776
70.44906,47.98696,40.17054,40.65564,32.51582,53.9142,29.93596,34.17752,37.3888,13.63912,12.10661,15.10917,17.18805,8.656501
84.54812,48.76651,40.09092,40.52058,32.22556,53.34997,29.97059,34.11459,37.30225,13.58895,12.02363,15.16841,17.005,8.547668
103.8655,49.62415,40.00638,40.42255,31.77753,52.65234,29.78974,34.0025,37.32215,13.48873,12.05145,15.20553,16.99309,8.467648
129.6023,49.94404,40.00619,40.69457,31.34187,52.78579,29.55486,33.79593,37.19594,13.50214,11.995,15.30685,17.01406,8.333084
164.3718,49.74534,40.14219,40.90119,31.39874,53.12311,29.35674,33.68988,37.04959,13.44566,11.98427,15.22889,16.99833,8.191135
205.2462,49.16321,40.35315,41.22258,31.51907,53.63605,29.2535,33.61511,37.24144,13.36704,11.95715,15.04417,17.00571,8.006773
248.8848,49.01992,40.57442,41.28166,32.20818,54.45705,29.38732,33.74007,37.5321,13.30919,11.96038,14.93946,17.08637,7.745274
291.7096,49.17227,40.78277,41.41092,32.8892,54.75614,29.35815,33.97465,37.92445,13.15498,12.00729,14.84094,17.40386,7.531172
327.8642,49.18322,41.09274,41.15437,33.07088,54.36687,29.3858,33.91168,38.16047,13.14756,12.01333,14.7727,17.40204,7.228472
352.429,49.265,41.31848,41.12337,33.4387,53.98214,29.60508,33.81191,37.97262,13.17696,11.97163,14.76093,17.17418,6.972265
362.1648,49.3304,41.40422,41.36933,33.0346,53.85565,29.42808,33.64905,38.00406,13.21183,11.94479,14.87905,17.15825,6.755607
357.4216,49.25265,41.46469,41.95237,32.88985,53.82361,29.18388,33.36766,37.86723,13.27935,11.98411,15.00685,17.28419,6.474125
340.6952,49.35439,41.43143,42.34613,33.05172,54.04785,29.20996,33.22713,37.82967,13.36457,11.82865,15.01626,17.38545,6.136757
314.9861,48.82625,41.39162,42.96051,32.92413,54.4977,29.16047,33.33617,37.96909,13.32312,11.72848,14.99766,17.42077,5.767667
281.2189,48.82671,41.51393,42.49337,32.97962,55.01884,29.36814,33.54977,38.10063,13.30051,11.6556,15.0115,17.63816,5.409038
244.6075,49.1663,41.63196,41.99789,33.36731,55.61337,29.61498,33.72371,38.01289,13.37169,11.76927,14.99629,17.74665,5.12766
210.4138,49.39249,42.00383,41.49096,33.56168,55.77652,29.86278,33.68115,37.97904,13.45894,11.83603,14.94503,17.57157,4.87025
178.9278,49.56184,42.24066,40.95803,33.77615,56.01818,29.76767,33.55721,37.75975,13.63141,11.80902,14.9466,17.36854,4.621357
152.8916,49.90884,42.62558,40.91529,34.20178,56.4904,29.52441,33.39332,37.70862,13.78126,11.82897,15.01496,17.17892,4.596827
132.0367,50.03729,42.70819,41.23398,34.31294,56.17205,29.41407,33.1482,37.26697,13.94713,11.80098,15.06644,17.26979,4.538467
115.6409,49.96973,42.91609,42.12322,34.58739,55.82275,29.33923,33.12011,36.99609,14.08988,11.64579,15.00303,17.51615,4.550141
103.2215,49.76963,42.88303,42.74839,34.36214,55.66029,29.15482,33.21879,36.81073,14.0969,11.46245,14.96784,17.71127,4.50411
92.9295,49.46075,42.9608,43.0812,34.25949,55.86197,29.15123,33.14379,36.7308,13.96098,11.36608,14.92094,17.88565,4.460184
83.92831,49.42168,43.10586,42.89928,34.5033,56.40565,29.14896,33.1589,36.64561,13.86313,11.47661,14.8581,17.95646,4.449012
77.08379,49.5248,43.70833,42.91009,34.65847,57.43909,29.27651,33.20478,36.36592,13.69935,11.53753,14.82147,17.94238,4.442935
71.65608,49.58888,44.29639,42.77214,34.80188,58.06705,29.30456,33.11341,36.46644,13.66477,11.54083,14.77869,17.90616,4.429852
66.90424,49.70414,44.90984,42.50137,35.1878,58.57802,29.3129,33.25116,37.11344,13.70023,11.70764,14.93469,17.83071,4.308311
63.39396,49.90043,45.27811,42.67118,35.52393,59.13052,29.47246,33.57048,38.01682,13.74955,11.96822,14.99815,17.82014,4.212464
60.62429,50.01046,45.57456,42.4916,35.93605,59.15018,29.59935,33.75194,38.4584,13.9011,12.00513,15.01064,17.88223,4.153168
58.51576,49.84534,45.81331,42.50366,36.15483,58.58205,29.58855,33.86265,38.94709,13.85609,12.05683,14.99321,17.92089,4.113827
56.91671,49.87863,45.73715,42.68068,36.43103,58.94706,29.67697,33.65105,39.21865,13.99152,12.04148,14.97029,17.68209,4.000117
56.00282,50.38718,45.7618,43.13211,36.8683,58.92941,29.68772,33.56216,39.70004,14.26033,12.059,14.93291,17.58466,3.909305
54.75569,51.06967,46.04473,43.31382,37.10105,59.46137,29.81843,33.57976,39.62504,14.35245,12.05351,14.93979,17.64721,3.871264
53.79792,51.61696,46.55553,43.49868,37.44738,59.63733,30.0564,33.50129,39.25441,14.46662,12.09188,15.03834,17.68282,3.82074
53.00045,51.94861,46.73701,43.425,37.69344,60.05666,30.28967,33.4054,39.32228,14.50305,12.23557,15.17586,17.5857,3.763293
53.19958,52.21603,46.74873,43.51821,38.08303,61.04884,30.47804,33.62306,39.86439,14.4377,12.34285,15.33475,17.73858,3.738683
54.69755,52.61774,46.74242,43.30685,38.58921,61.67863,30.66379,33.72519,39.46272,14.33174,12.38143,15.16804,17.7021,3.719857
56.31446,52.75322,46.85022,43.38104,38.93211,61.5126,30.89577,33.77772,39.2436,14.14945,12.3931,15.27911,17.59848,3.718216
59.87197,52.61063,47.05402,44.06459,39.25391,62.20719,30.87667,33.98668,39.18751,14.15243,12.36015,15.28733,17.60761,3.687309
67.24738,53.20617,47.51375,44.70646,39.69075,62.55779,30.84165,34.26804,39.53197,14.34277,12.33427,15.36691,17.4377,3.648729
78.8363,53.85294,48.30669,45.17068,39.81615,62.84331,30.75136,34.18029,39.8575,14.4917,12.3079,15.52569,17.38813,3.648111
96.46552,54.26504,49.16297,45.39423,39.93809,63.51903,30.73795,34.39304,40.12941,14.65545,12.28467,15.66714,17.35251,3.619804
122.1413,54.36145,49.74876,45.66012,40.29845,64.41405,30.83707,34.70794,40.34298,14.71189,12.37233,15.78773,17.18178,3.551298
159.5056,54.59296,49.71721,45.74862,40.66737,64.98814,30.92011,34.88235,40.48725,14.65051,12.46193,15.81551,17.3323,3.521438
207.0783,54.80487,50.06932,45.9077,40.70764,65.11028,31.11253,34.95906,40.45312,14.56864,12.6503,15.77896,17.47944,3.501107
258.8474,55.14877,50.20178,45.62947,41.2739,65.41473,31.4427,34.99368,40.56547,14.51457,12.69198,15.80109,17.51501,3.479402
309.5699,55.73231,50.38198,45.74036,41.55372,65.84734,31.67506,35.32117,41.08778,14.62655,12.67573,15.83445,17.77634,3.440178
352.3895,56.59189,50.60829,45.79301,42.00261,66.34351,31.82326,35.40707,41.52902,14.6979,12.62484,15.76829,18.04539,3.405325
380.4659,57.18804,51.29159,45.86818,42.29165,66.4409,32.09357,35.38099,41.94067,14.86446,12.46454,15.95353,17.97872,3.417803
391.1726,57.74508,51.6375,46.2481,42.63086,67.04327,32.42591,35.46069,42.08965,14.90481,12.46764,16.05793,17.91514,3.513818
383.0318,58.11156,52.04933,46.60756,43.07005,67.11112,32.72336,35.80998,42.34818,14.9005,12.58319,16.11673,17.7942,3.57022
361.8748,58.25109,52.15745,47.13266,43.69891,67.14915,33.16658,36.2156,42.77477,14.91685,12.84259,16.08606,17.80367,3.5931
330.8022,58.56407,52.47806,47.58604,44.08163,66.61998,33.54421,36.57145,42.78725,14.93876,13.06928,16.08064,18.02961,3.600561
293.6126,58.48719,52.74738,47.51226,44.57016,66.68491,34.03461,36.75718,43.0945,14.94502,13.12996,16.16908,18.01134,3.614556
254.366,58.96787,53.34598,47.46792,45.15111,66.63395,34.29726,36.75081,43.41851,14.97553,13.11625,16.01358,18.05579,3.517356
216.9814,58.95247,54.23055,47.64383,45.80392,67.30302,34.59671,36.64897,43.70216,15.00829,13.07354,15.9585,18.20879,3.468514
183.7308,59.12914,54.9777,47.69728,46.27713,68.40368,35.05782,36.61032,43.76699,15.06005,13.18853,15.97992,18.37173,3.443706
157.7186,59.70327,55.99901,48.18082,46.60745,69.49276,35.36964,36.88007,43.7226,15.12581,13.40561,16.15202,18.35747,3.450913
136.9627,60.46165,56.79343,48.79244,47.13798,70.57653,35.55348,37.14448,44.03519,15.15067,13.54554,16.27947,18.44263,3.445894
120.8321,61.09334,57.23162,49.57054,47.71249,71.37193,35.82749,37.65051,44.7089,15.28208,13.65739,16.50596,18.6176,3.435453
108.936,62.30915,57.57642,50.33463,47.99358,72.54588,36.41734,38.16397,45.18681,15.38895,13.71331,16.74337,18.72015,3.325866
99.23051,63.14446,57.89688,50.52007,48.43326,73.25626,36.8593,38.45965,45.60309,15.4534,13.77444,17.15002,18.80458,3.233483
91.20277,63.76156,58.26065,50.27737,48.79715,73.22092,37.10734,38.56934,45.91191,15.53843,13.85545,17.24546,18.61409,3.14108
84.38683,64.55812,58.67585,50.09307,49.3941,73.38974,37.42121,38.53373,46.76594,15.53744,13.89442,17.40776,18.68155,3.061547
79.19913,65.48791,59.0855,49.9434,49.94372,73.79848,37.65722,38.60241,47.44868,15.72282,14.10674,17.44384,18.84943,3.021374
75.05717,66.42016,59.90378,50.09335,50.571,74.21027,37.6267,38.75478,47.94724,15.83316,14.28983,17.4523,19.12211,3.035507
71.42344,66.6855,60.65063,50.53662,51.25819,74.83709,37.79612,39.11117,48.29116,15.93984,14.38712,17.47871,19.4002,2.943092
67.94728,66.98698,60.87933,51.19081,52.11443,75.98587,37.99604,39.55898,48.30786,15.96137,14.35578,17.45286,19.59297,2.859122
65.33392,67.42078,61.50021,52.33237,53.08309,76.79518,38.72677,40.09104,48.13035,16.11002,14.52075,17.55471,19.86401,2.801052
62.92929,67.60425,62.20079,53.17057,54.03991,78.07001,39.19314,40.44719,48.45819,16.1684,14.73938,17.67758,20.02736,2.727934
61.19803,67.80383,62.87332,53.43826,54.96354,78.17493,39.7454,40.67172,48.4814,16.20971,14.88157,17.77374,20.04794,2.687755
59.74775,67.76819,63.32311,53.89228,55.79022,78.43159,40.46258,41.03049,48.98852,16.24022,14.86658,17.73058,20.02841,2.680397
59.01433,68.50858,64.08262,54.2045,56.67894,79.43769,40.92999,41.27696,50.1332,16.28422,15.00352,17.78575,20.21448,2.608654
58.57118,69.3377,65.04092,54.49418,57.42367,80.67759,41.12823,41.49529,51.40368,16.39859,15.11541,17.69727,20.37627,2.54603
58.55362,70.34921,65.79332,54.59887,58.25027,81.16348,41.50737,41.75731,53.0094,16.62035,15.24914,17.67568,20.40005,2.514592
59.5272,71.53768,66.32319,54.86266,58.97437,81.19392,42.03021,42.15491,53.32699,16.82517,15.24678,17.80715,20.41599,2.362504
62.43485,72.42077,66.97441,55.29576,59.2019,82.09978,42.32827,42.27845,53.5682,17.1389,15.50608,18.18331,20.50821,2.265047
68.92541,73.88478,67.7187,55.75906,60.29697,83.16615,42.46927,42.75351,53.96042,17.36522,15.68446,18.45169,20.71686,2.15328
79.61925,74.68073,68.32382,55.77357,60.93747,84.06277,42.66723,43.26468,54.19269,17.60056,15.76141,18.66229,21.04966,2.022134
99.27332,75.1568,68.80311,56.40701,61.7462,84.99657,43.09678,43.82944,54.51501,17.7349,15.82037,18.83827,21.39237,1.914171
130.5875,75.60808,69.45724,57.09062,62.62199,86.30222,43.42122,44.43038,54.82714,17.83308,16.02536,19.1246,21.7618,1.841344
174.1574,76.36426,70.48849,57.58823,63.42972,87.84586,43.92304,45.17516,55.60389,17.88929,16.13273,19.52361,22.10542,1.779598
230.8802,77.12695,71.6302,58.27745,64.74765,88.73509,44.42532,45.82536,56.77149,18.02182,16.30319,19.47756,22.359,1.766348
293.168,77.97095,72.80797,59.0673,66.28046,89.08519,45.16137,45.96536,57.52895,18.20399,16.38096,19.79294,22.48387,1.831978
350.7466,78.49335,73.89769,59.76663,66.91563,90.33146,45.60188,46.04029,58.20825,18.40646,16.42555,20.11613,22.73301,1.870629
394.9831,79.32655,74.67792,60.47688,67.44881,91.9125,46.1563,46.09724,58.41119,18.2773,16.43543,20.19513,22.94028,1.878313
418.0928,80.32364,75.12031,60.96997,68.18221,93.18014,46.87077,46.42007,59.3279,18.3254,16.43686,20.26261,23.35507,1.825922
419.0696,81.18165,75.87304,61.49761,69.42748,93.90725,47.60502,46.8314,60.33476,18.41957,16.57808,20.15653,23.60266,1.826959
400.7155,82.18588,76.38248,61.51317,70.78172,94.62795,48.24604,47.3633,60.82289,18.58434,16.69881,20.27756,23.74543,1.808862
364.7986,82.83005,77.60629,61.39057,71.98566,95.26519,48.89405,47.75481,61.0837,18.72006,16.91613,20.55013,24.14795,1.796739
323.2678,83.92102,78.80755,61.97084,73.5733,96.2386,49.68812,48.35498,61.71753,19.03747,17.17233,20.64849,24.40741,1.731914
281.3397,84.72364,80.13679,62.3437,75.66039,98.18085,49.86182,48.79416,62.74474,19.48046,17.32603,20.82759,24.73118,1.732349
241.2699,85.13126,81.28114,63.0458,77.37875,100.0782,50.17251,49.15432,63.54828,19.89953,17.41606,21.1145,25.0088,1.737783
207.3562,85.85592,82.51591,63.60674,77.64824,101.4689,50.36566,49.44799,64.22847,20.17786,17.5446,21.27524,25.5689,1.677097
179.2427,87.20329,83.62053,64.4205,78.49059,102.8742,50.56902,49.60918,65.37542,20.25239,17.66829,21.53575,25.99935,1.642503
157.5102,88.30786,85.10432,65.34271,80.11296,104.0314,51.06105,49.9349,66.79703,20.35797,17.84206,21.76313,26.35929,1.605651
140.687,89.06548,86.27055,66.31925,81.15266,105.1067,51.70576,50.25746,67.9527,20.47409,18.05622,21.98811,26.78177,1.588555
126.7847,89.82465,87.09393,66.88729,81.95107,106.5397,52.50785,50.68067,69.11791,20.64988,18.27294,22.18559,27.07773,1.568353
115.4741,90.64603,88.18833,67.8997,83.60699,108.5081,53.38586,51.19208,70.00754,20.88694,18.53558,22.33872,27.43363,1.551025
107.023,91.87482,89.03916,68.87383,84.91728,110.5433,54.09398,51.98901,71.18068,21.17963,18.81995,22.4518,27.59929,1.56392
101.2122,92.57808,89.78138,69.60159,86.59246,112.8165,54.69725,52.74173,71.90792,21.58328,18.96699,22.65801,27.87553,1.590201
96.98302,93.27634,91.27516,69.84849,87.67294,113.0378,55.0813,53.40256,72.26163,21.81252,19.05957,22.85789,28.0781,1.591959
93.65983,94.43987,92.5025,70.10841,88.81649,113.9637,55.44105,53.7725,72.81599,21.82514,19.16631,23.01594,28.27129,1.613862
92.85583,95.76984,93.99679,70.29567,90.31322,114.8831,56.05059,54.31118,73.86715,21.88705,19.27981,23.35208,28.3972,1.631162
97.27113,97.16675,95.12497,70.82193,91.96024,115.8813,56.76208,54.61072,74.9483,22.18208,19.58035,23.41179,28.6118,1.635278
109.5882,98.29816,95.94173,71.53365,93.18138,117.7187,57.46091,54.73925,76.29634,22.45857,19.90114,23.51021,28.84414,1.695708
131.7615,99.8326,96.9221,72.24854,94.55123,119.71,58.16082,55.13422,77.44081,22.82844,20.09051,23.59585,29.24828,1.700679
168.9624,101.0384,98.20825,73.30656,95.82706,120.85,58.86294,55.46253,78.57996,22.98931,20.41605,23.8793,29.68579,1.642463
223.5045,101.5547,99.64659,74.02218,97.3688,122.7923,59.4749,56.04638,79.56686,23.35844,20.56086,24.22369,30.12857,1.55715
291.9141,101.9321,101.3492,74.79825,99.04974,124.5985,59.79834,56.81071,80.14706,23.61491,20.84799,24.75249,30.48215,1.462615
358.7506,102.4376,102.4824,75.47925,100.4004,125.9979,60.18867,57.38182,81.16927,23.59345,20.93855,24.98951,30.88044,1.372596
415.199,103.2205,103.7249,76.26678,102.4646,127.7837,60.76151,58.10952,82.85439,23.64138,21.02703,25.21653,31.35125,1.269595
450.3648,104.2466,105.1478,76.98874,104.6873,129.8954,61.47428,58.5483,83.60265,23.89673,21.20231,25.28324,31.5816,1.336579
460.0896,105.5013,106.119,77.72218,106.451,131.9142,62.17912,59.03204,84.5188,23.9754,21.44038,25.51136,31.85416,1.453911
442.6513,106.7463,106.9475,77.9126,107.9434,133.9336,62.63621,59.3063,85.34718,24.07408,21.6485,25.61418,32.23188,1.531862
404.8212,108.4998,108.1629,78.07635,109.7287,135.1933,62.92847,59.70529,86.1554,24.30589,21.90808,25.69682,32.71944,1.525583
358.8369,109.0046,109.5067,78.39649,112.0101,136.9747,63.30239,60.2143,87.11515,24.6527,22.17573,25.85182,32.92839,1.489053
312.8414,110.3731,110.8282,78.9306,113.582,138.2709,63.78888,60.71807,88.61983,24.9763,22.53192,25.95426,33.07253,1.513071
270.3732,111.6014,112.2584,79.17003,115.1712,139.1787,64.55944,61.06787,90.20028,25.19198,22.81489,26.03269,33.30832,1.459281
233.6169,112.9074,113.5695,79.70132,116.6933,140.337,65.59124,61.18543,91.82171,25.37624,22.88934,26.03854,33.66517,1.357871
203.5064,114.3948,115.1829,80.25423,118.2865,141.8508,66.58794,61.86893,93.08844,25.64453,22.93819,26.08096,33.97099,1.313172
183.2793,115.9159,116.4127,80.93021,119.1291,143.6792,67.72926,62.61414,94.16889,25.7149,23.1345,26.48018,34.38469,1.327503
169.011,117.2301,117.4851,81.58439,120.5021,145.7412,68.7366,63.50083,95.23802,25.86438,23.39443,26.93791,34.77711,1.270715
159.1078,117.9355,118.8165,82.10026,122.7344,147.7507,69.5512,64.26257,96.50042,26.1609,23.5977,27.29502,35.4635,1.2431
151.7664,118.8942,119.9979,82.44846,125.4898,149.5079,69.81204,64.88902,97.71862,26.59307,23.70874,27.64711,35.92765,1.213941
150.8073,119.4732,121.2121,83.32723,128.0787,151.3019,70.26591,65.08365,99.23725,26.86353,23.83484,28.06966,36.41544,1.245365
160.6681,119.9999,122.4586,83.93856,130.2016,153.1692,71.04405,65.43147,100.6563,27.0327,24.1606,28.29549,36.95284,1.279547
185.7663,121.5298,124.1101,84.27663,132.6017,155.5194,71.97327,65.48142,101.7044,27.29763,24.28834,28.50445,37.43944,1.247852
230.9718,123.197,125.7903,84.76865,134.9975,157.6957,72.70135,65.7017,101.4886,27.40094,24.55931,28.64396,37.87042,1.188085
292.0634,124.7454,126.8364,85.0657,136.9923,159.8244,73.49332,66.1599,101.8832,27.56536,24.84139,28.72379,38.12212,1.177724
361.0367,125.9473,128.5567,85.67369,138.3205,162.0177,74.4521,66.76428,102.3672,27.63238,25.22188,28.9306,38.24771,1.177928
419.3416,126.4463,130.056,86.61303,140.0331,163.788,75.48225,67.56481,103.5864,27.68152,25.44052,28.98258,38.38775,1.233501
455.1579,127.6948,130.9154,87.10766,142.4456,165.3798,76.08042,67.98196,105.0889,27.93027,25.54691,29.07592,38.67011,1.278816
464.5741,127.8415,131.7213,87.60628,144.1927,167.411,76.60449,68.15837,106.6647,28.02061,25.66429,29.26082,38.87557,1.31941
445.1206,128.165,132.1821,88.14004,145.7102,167.9209,77.42904,68.69488,108.9284,28.14925,25.81439,29.47855,39.11702,1.429918
403.8831,129.1491,133.0697,88.73486,148.1247,169.4834,78.02956,68.93945,110.4249,28.30165,25.98318,29.72744,39.57981,1.435624
353.175,130.3075,134.1236,89.14145,149.9476,170.4657,78.63258,69.13853,111.0558,28.54531,26.26512,29.99867,40.22836,1.386255
302.3169,131.1559,135.4393,89.11392,152.0719,172.2162,79.21377,69.75446,111.4333,28.93148,26.53845,30.22562,40.82464,1.329551
257.1192,131.9347,136.9317,89.68718,153.9034,174.0636,79.67665,70.36674,111.9819,29.26162,26.71152,30.49841,41.42657,1.252767
219.2964,132.9138,138.6162,90.00063,155.8438,176.5532,80.20035,71.22053,112.6488,29.70719,27.011,30.76395,42.1656,1.247218
189.338,133.8807,139.8337,90.26312,158.6518,178.4245,80.78028,71.87754,113.9236,30.00304,27.117,30.94265,42.97321,1.258664
168.5486,135.0039,141.1116,90.48846,160.589,181.0138,80.94543,72.1523,115.1742,30.22422,27.33508,31.25521,43.66927,1.277628
152.4969,136.0734,142.5127,90.53005,163.0912,183.0658,81.55141,72.67933,117.061,30.32726,27.42626,31.54541,43.86721,1.26436
139.2044,137.6147,143.7097,90.84315,166.2677,185.9843,82.26526,73.12855,118.3046,30.38854,27.59291,31.75196,44.24689,1.229492
127.6056,138.4021,144.7757,91.23016,169.2018,188.8201,83.08494,73.14836,120.155,30.44473,27.76188,32.02887,44.63561,1.186209
117.0613,139.2034,145.8593,91.78774,171.9363,191.2614,84.18517,73.61218,121.0934,30.56158,27.85962,32.15746,45.04344,1.170127
107.8182,140.0305,146.6397,92.51428,174.6735,193.6686,85.00491,74.14991,121.8546,30.71263,27.93122,32.16133,45.21898,1.097539
100.0759,141.1957,147.2684,93.01241,177.0025,195.2282,85.6276,74.83189,123.1869,31.00075,28.07299,32.20581,45.48443,1.136425
94.3705,142.1358,148.2634,93.17271,178.7352,196.6154,86.25101,75.60896,124.8525,31.30475,28.41969,32.29917,45.65501,1.161425
91.03506,142.9316,149.4045,93.47155,180.0597,196.6348,86.64265,76.12158,125.9399,31.47521,28.66013,32.52847,46.0126,1.216585
90.39728,144.296,150.6214,93.54074,181.9983,198.1117,87.10162,75.83071,127.7865,31.57572,28.94019,32.5866,46.1515,1.230964
91.96892,145.1206,151.7746,93.93634,183.789,199.4924,87.61427,76.00896,129.2157,31.79576,29.21375,32.81171,46.41604,1.184013
95.79447,145.7028,153.1897,94.36388,186.0096,200.9432,88.33082,76.11184,130.4342,32.06901,29.48695,32.8436,46.49688,1.150812
100.5544,146.0655,153.6692,94.74572,188.7543,202.4474,89.16897,76.07639,131.5693,32.22105,29.66062,33.05433,46.9309,1.12649
108.3686,147.0636,154.811,95.07208,191.8134,204.6688,90.14194,76.36146,132.7363,32.3576,29.72891,33.11995,47.244,1.111263
123.3849,148.0667,156.0753,95.42695,194.2054,206.1928,91.0846,77.08313,134.5095,32.42964,29.83674,33.25723,47.54013,1.096763
151.5949,149.3637,157.5624,95.81979,195.776,208.0776,92.02667,78.16251,136.3646,32.53421,29.99833,33.50111,47.89157,1.115907
203.7036,150.4543,159.0971,96.04342,197.2362,209.7757,92.87474,78.88007,137.6232,32.4535,30.13481,33.6683,48.5727,1.150606
276.6927,151.1404,160.3498,96.37316,198.6026,212.1025,93.4239,79.26917,139.4343,32.35269,30.23617,33.77312,48.96555,1.170965
354.7569,151.9076,161.6945,96.67185,200.3496,214.0786,93.70235,79.664,139.2766,32.51096,30.31508,33.92939,49.53048,1.213409
423.0034,153.1004,162.7766,97.13976,201.8699,216.1779,94.17078,80.25216,138.9724,33.04941,30.52142,34.02269,49.93716,1.221091
466.487,153.6595,163.4227,97.43416,204.2667,217.9733,94.46561,80.67095,138.8178,33.07526,30.69828,34.05341,50.54464,1.214437
476.204,154.7166,164.1277,97.76166,207.1185,218.9871,94.75825,80.85096,139.3459,33.10981,30.792,34.24706,51.09098,1.199459
447.5239,155.7453,165.0838,98.55764,210.2027,219.8409,95.36352,81.62552,140.4633,33.1,30.89757,34.38331,51.30526,1.224898
396.6488,156.7882,166.0979,98.97405,212.7979,220.1271,96.03458,82.12943,142.401,33.17765,31.09302,34.52675,51.84533,1.253764
338.7807,158.0114,167.2396,99.21357,215.3133,221.4124,96.67349,82.37553,145.0486,33.09333,31.31731,34.66287,52.48396,1.260138
285.8023,158.8098,168.2557,99.67841,217.8105,223.5387,97.2952,82.37405,148.4664,33.15357,31.55874,34.84134,52.85683,1.167675
240.2666,159.5868,169.5129,99.86749,220.6329,225.5542,98.24792,82.72727,151.1672,33.59638,31.63452,35.30799,53.42154,1.150835
205.5066,160.9351,170.6912,100.2224,223.8678,228.4536,99.69073,83.03365,152.6158,34.11998,31.81921,35.72308,53.74988,1.167401
179.3492,162.185,172.256,100.7445,226.3279,230.6091,100.6376,83.60935,154.8319,34.35868,32.05785,36.11431,54.27958,1.104206
160.2264,163.4033,173.9116,101.3717,228.9231,231.5168,101.0231,83.9985,156.3719,34.57648,32.1741,36.373,54.65123,1.041437
145.7155,165.3823,175.7814,102.175,231.2351,233.0962,101.5105,84.86729,157.3118,34.70595,32.25322,36.63695,54.81044,1.024845
134.6466,166.1425,177.3597,102.7133,233.494,234.096,102.2504,85.68896,158.7111,34.65139,32.43001,36.67598,55.15967,1.097585
125.1423,167.5501,178.9549,102.4844,235.7381,235.6991,102.9557,86.82225,159.1944,34.69486,32.59412,36.78165,55.52901,1.127649
117.9762,168.614,179.9648,102.6031,237.4262,237.9206,103.1905,86.71584,160.5247,34.83155,32.63054,36.81163,55.87083,1.13155
113.0906,168.8938,180.8328,102.7931,239.4911,239.2198,104.3616,87.20095,162.2342,35.08319,32.6865,36.93545,56.30958,1.183459
109.5359,169.5011,181.3036,103.1297,242.563,241.3718,105.1913,87.59377,163.4721,35.24923,32.62954,36.99025,56.80933,1.290933
107.6694,169.817,182.0674,103.7915,246.0212,243.6066,106.0934,88.06828,164.9276,35.57596,32.77432,37.21069,57.16617,1.292526
111.7712,170.774,183.1536,104.2272,249.3411,245.6011,106.9503,88.60965,166.7788,35.89735,32.82714,37.30185,57.43128,1.224948
126.0483,172.2237,184.9383,104.9671,252.0425,248.0029,107.5125,89.12502,169.055,36.14158,33.03255,37.26297,57.64712,1.139135
152.561,173.7586,186.3832,105.7513,254.6832,250.593,108.5905,89.74345,172.287,36.11291,33.13365,37.39642,58.17607,1.090839
195.9093,175.7648,188.1448,106.3181,257.2043,253.5656,109.4601,90.68815,172.7892,36.267,33.40987,37.56686,58.78533,1.037625
260.3719,178.162,190.2115,106.6994,258.9959,256.1023,110.3014,91.27132,175.294,36.55935,33.56643,37.73545,59.37656,1.000714
336.9146,179.8567,192.4063,106.8316,260.5027,256.895,111.6214,91.9193,177.3936,36.71891,33.8196,38.06534,60.19812,1.021192
409.3948,181.4156,194.5734,107.1426,262.4538,257.8493,112.9781,92.73877,179.2975,37.02522,33.91869,38.28601,61.02242,1.047565
460.4314,182.6988,196.3938,107.9442,265.1281,259.2582,114.3665,93.57101,180.5403,37.41031,34.18084,38.59293,61.91329,1.112964
481.0096,183.4763,198.0621,108.6497,267.9373,261.6451,115.9966,94.64768,183.2177,37.86931,34.52053,38.90461,62.11626,1.148636
468.6067,184.5621,199.7968,109.5892,271.1627,263.837,117.0936,95.56628,185.43,38.22261,34.71984,38.88639,62.43188,1.155102
426.5207,186.0327,200.8435,111.2933,274.6034,266.6059,117.8625,96.54139,188.3267,38.32749,34.90572,38.89276,62.66944,1.197602
366.5482,188.6899,202.1462,112.6412,279.2286,269.6136,118.6155,97.52299,189.791,38.16476,35.27564,38.92133,63.0091,1.166654
306.9416,191.1012,203.1061,113.3263,282.1953,271.9074,119.476,98.17571,191.4622,38.17348,35.70296,39.11971,63.2972,1.155453
256.6714,193.0915,204.7579,114.1978,285.6287,273.0338,120.9929,98.50589,194.0023,38.28437,35.77344,39.53223,64.12157,1.097599
217.2149,195.055,206.7549,114.6691,288.5262,274.5416,122.9114,99.15435,196.9667,38.68099,35.83792,39.95826,64.86127,1.039081
188.5952,197.6764,208.9237,115.7819,291.4933,277.2723,124.6363,99.37836,199.9292,39.11379,35.97037,40.41624,65.74545,1.017892
167.8115,199.5759,211.2442,116.6339,294.7358,280.2745,126.4787,99.96841,203.1619,39.80737,36.24142,40.86002,66.74857,1.006809
152.3322,201.1066,214.1994,117.6001,298.0366,283.1346,127.7188,100.8137,206.2288,40.57549,36.35402,41.19693,67.94665,0.9833251
139.7774,203.5519,216.9809,119.0655,301.9761,285.8603,128.5569,102.2938,209.3678,41.09377,36.59843,41.47382,68.56351,0.9573789
129.0487,206.0225,219.8774,120.4265,305.6488,289.1689,129.4415,103.8425,211.6632,41.32172,37.07758,41.60129,69.11596,0.960593
118.9771,207.8228,221.6662,121.314,308.5166,292.292,130.621,105.383,214.7468,41.45256,37.61614,41.76459,69.50998,0.9934691
111.7959,209.4348,223.4906,122.0344,311.3212,295.3791,132.0503,106.8315,218.3261,41.51408,37.88242,42.11808,69.98258,0.9978553
110.9225,212.6668,225.5205,122.7316,314.0348,298.705,133.8918,108.3346,222.0403,41.62461,38.16242,42.23133,70.5461,1.017475
119.9904,215.4893,228.0562,123.9246,317.5054,302.5009,135.4469,109.7136,225.4375,41.76864,38.25926,42.54837,71.21261,1.053028
144.653,219.2062,230.5259,125.0103,321.2796,305.384,137.2573,110.9623,229.354,42.10835,38.50773,42.85483,72.24475,1.091062
190.672,222.8179,233.8883,126.928,325.1613,307.957,138.3139,112.1754,233.1103,42.70301,38.88984,43.29969,73.47894,1.084863
260.7727,226.8094,237.2471,128.6169,329.7856,310.6171,140.1251,113.2209,237.7306,43.3009,39.2911,43.88354,74.58437,1.060828
343.3409,230.3019,241.0273,130.6654,334.4169,314.056,142.5972,114.3572,241.3519,43.87517,39.76049,44.18777,75.12937,1.005335
419.7386,233.2999,244.1977,132.3926,338.7827,316.8632,145.0818,115.5309,244.8575,44.37001,40.33836,44.41368,75.66417,0.9881653
472.8363,236.6089,246.6601,133.299,342.5157,321.2477,148.0774,116.73,248.8345,44.91632,40.82577,44.8091,76.2487,0.9934769
490.6494,239.7104,248.7879,134.173,346.0495,325.9221,150.6307,117.875,252.3867,45.43024,41.2922,45.17772,76.88464,0.9583668
470.1089,242.4223,252.3369,135.3541,349.9216,331.6224,152.1372,119.3575,256.3181,45.79531,41.47378,45.36264,77.74799,0.9379958
417.0085,246.0533,256.0708,136.8586,354.2732,336.689,153.9779,120.6226,261.416,46.21085,41.62041,45.70909,78.78806,0.9529217
352.6129,250.3927,259.8247,138.8788,359.312,341.0561,155.2918,122.306,266.9615,46.8121,41.84793,46.16552,79.94504,0.9644963
291.838,254.5563,264.2313,141.2383,364.4596,345.9124,156.9069,124.0082,272.8355,47.15504,42.09942,46.74497,81.41827,0.9552271
242.7684,259.1564,269.0224,144.4693,369.6841,349.6198,158.7699,125.8125,278.0949,47.42586,42.37447,47.40447,82.94028,0.9740251
206.4673,263.588,273.9329,147.465,375.447,353.6152,160.6552,127.8241,284.1165,47.82633,42.99444,47.9659,84.15813,1.000995
181.3193,267.9908,277.0452,150.2493,380.7314,357.7329,164.5058,129.9194,290.5612,48.57775,43.72839,48.60491,85.54909,1.050499
162.0524,272.6359,279.6457,152.9965,385.0269,362.8107,167.4276,131.8178,297.0266,49.27667,44.51856,49.19297,86.73261,1.064205
145.4539,277.2254,283.4222,155.5671,389.5712,368.4535,170.2125,133.7997,303.8884,49.94745,45.16654,49.6903,87.8838,1.045495
131.3248,282.8956,287.9063,157.3553,395.18,373.8527,173.5776,135.9278,310.156,50.50046,45.77977,50.23362,88.83315,1.038735
119.291,289.0064,292.6836,159.5122,402.2618,380.0634,177.1331,138.2447,315.9762,51.18388,46.02905,50.88171,89.70573,1.018639
108.3527,294.8873,298.1089,161.8374,409.4154,386.7235,180.2476,141.1716,322.2092,51.66009,46.28354,51.51967,90.89576,1.000035
100.4904,301.2202,303.581,163.9468,417.3845,392.8492,183.5782,143.843,328.8105,52.19637,46.69266,52.22039,92.46034,0.9708412
94.56008,307.8354,309.9414,166.3816,424.4782,400.1886,186.6229,147.1556,337.0544,52.94351,47.46809,52.88165,94.07486,1.011562
90.86331,314.2597,316.1515,168.36,431.1175,407.7575,190.2166,150.1335,346.2305,53.76835,48.29065,53.74078,95.58041,1.052687
87.7832,320.8781,321.8097,170.6865,436.663,413.7325,193.6521,152.8185,355.0931,54.7094,49.23178,54.23072,97.50862,1.056949
85.50984,329.1778,327.7125,172.8479,442.1637,420.5424,197.2909,154.7745,364.5582,55.59609,50.17735,55.09616,99.15626,1.103498
84.44942,337.8183,334.3153,174.8446,447.6418,427.2147,201.3765,156.9996,373.3969,56.51999,50.9722,56.07823,100.5087,1.036038
83.98368,346.3712,341.4481,176.9944,453.5302,433.5403,205.545,160.2905,381.6357,57.54503,51.51746,56.9298,101.8917,0.9499691
83.47513,354.7622,348.1016,179.5045,460.1592,440.193,209.9151,162.9924,390.1648,58.54642,52.09213,57.56047,103.5239,0.9121619
84.57236,363.0918,356.156,182.0352,465.3183,447.5881,214.2874,165.8169,398.9319,59.7574,52.94542,58.4679,105.5049,0.8615944
90.7197,371.8342,364.7499,184.66,470.6046,455.282,218.0816,168.7258,409.0322,61.05808,53.82685,59.14363,107.7462,0.8228241
106.225,380.5328,373.843,186.8426,477.7188,464.6461,221.3828,172.8276,420.6939,62.31152,54.87407,60.12791,109.7003,0.8681005
137.1328,388.6755,381.3874,189.3497,485.5035,472.9178,225.3667,177.0832,432.8873,63.59211,55.81718,61.0834,112.178,0.8792422
195.3064,399.4795,390.0146,192.3079,494.6163,482.2002,229.5246,180.545,445.6346,64.79718,56.84894,62.03083,114.5357,0.9929466
275.1962,409.8407,398.2598,194.4856,503.4552,491.9225,234.3497,183.7302,458.4038,66.14328,57.73709,63.36572,116.9473,1.073855
358.8111,420.8768,406.2815,196.9396,514.3612,501.1676,239.881,189.285,470.4642,67.67161,58.96193,64.67817,119.9038,1.075446
425.593,433.0959,414.7764,199.7464,524.7823,511.4604,246.2753,194.6011,481.7503,69.21812,59.97711,65.89559,123.1181,1.085691
458.5412,443.6195,425.1049,203.2658,534.0101,520.7661,253.3841,199.1882,493.9798,70.97217,60.92295,67.40527,126.4355,1.028725
453.0704,455.8646,436.59,207.5432,543.2223,531.0081,259.6325,203.8985,505.6855,72.95249,61.98869,68.94872,129.8831,0.9065135
412.5036,469.0662,448.1971,212.2544,553.4305,541.3371,265.9932,208.3943,519.1318,74.5144,63.53769,70.40498,133.1714,0.8962638
348.9595,482.4011,459.8821,217.1415,563.0938,552.0869,272.2092,213.7281,534.2052,76.17385,64.95475,71.77099,136.2074,0.8897548
286.5374,498.6519,472.9391,222.1288,572.9008,563.9277,278.1475,218.7258,550.6188,77.79975,66.50197,72.98598,139.179,0.9083146
236.0946,516.915,488.0081,226.5867,583.7897,578.2289,284.7245,222.8811,568.1455,79.65065,68.4363,74.73933,142.9057,0.9390495
198.7121,534.5807,503.1761,230.6678,597.6101,594.6973,291.9913,228.4463,584.8305,81.51862,70.59681,76.69289,147.0023,0.9503657
170.9896,554.0303,520.7343,234.9101,611.7904,613.9617,301.1174,235.7004,601.2211,83.83809,72.65479,78.71697,151.3373,0.9288403
150.9066,568.2302,537.6371,239.994,628.7725,631.51,311.4537,243.196,615.7213,86.73955,74.53146,81.04566,155.9933,0.8730666
135.566,585.5857,556.0506,245.1993,645.7714,650.3531,322.0617,251.211,630.9828,90.16268,76.36832,83.22371,160.526,0.7963236
123.5116,606.2757,575.2009,251.1124,662.6808,669.4546,333.471,259.8309,645.6252,92.9742,78.577,85.68586,165.0828,0.7143652
113.3934,626.4888,593.6678,257.5155,679.8028,689.2056,344.4849,268.8257,659.8655,95.94349,80.56097,88.33492,169.9891,0.6921111
105.0867,651.829,612.632,264.6477,694.9371,713.3488,356.5707,279.0529,678.269,99.21447,82.74606,91.11047,174.8365,0.6653369
97.55531,678.5052,633.4399,272.4069,711.0082,736.3884,368.6866,290.029,700.9282,102.5901,85.29504,93.91384,180.5256,0.6512964
92.55605,703.644,657.3889,280.7953,730.5665,762.1011,381.1723,301.4274,724.5819,106.4355,88.06187,96.63332,186.964,0.7294042
89.19048,729.6646,681.4655,289.446,749.1149,792.9291,395.2531,315.0546,753.2632,110.3268,91.177,99.43863,193.9702,0.7119588
87.32645,758.5436,704.4597,298.9488,768.9846,823.5048,409.7203,329.1398,778.8223,114.8888,94.69453,102.8757,201.2593,0.7255784
85.90543,791.701,728.7986,309.5497,789.2112,854.8375,424.4112,345.4663,807.7237,119.6858,97.89162,106.2535,209.2746,0.774386
84.7907,830.5663,756.4308,321.202,808.0219,888.6022,437.0908,361.2022,838.733,124.2912,101.6706,109.7064,217.5977,0.7356824
84.23718,867.4415,788.728,333.779,830.8077,923.5001,451.36,377.4419,870.118,128.9687,105.1804,113.9198,226.1499,0.713568
85.2217,904.3902,817.0679,346.0381,850.9128,964.2018,466.1143,394.4394,909.0713,133.741,108.7382,118.0625,234.0078,0.7105444
87.26763,938.7489,849.2166,358.8313,873.5093,1001.537,480.3134,413.8062,946.6215,139.0083,112.8172,121.9987,242.104,0.7505968
93.37728,971.7202,885.4768,372.8835,895.8803,1039.311,496.7878,432.1924,987.7347,144.9914,117.2684,126.2609,251.3845,0.8514975
104.4111,1010.098,926.3584,389.7147,917.69,1078.449,514.2516,453.815,1035.115,151.4161,122.2067,130.5183,260.9265,0.9123597
127.0911,1051.328,969.499,404.6426,942.3332,1121.198,532.7006,476.7506,1079.15,158.2596,127.5025,135.4418,271.4376,0.9717326
166.6309,1096.159,1008.947,424.6071,959.4312,1168.068,548.5877,500.6381,1122.579,165.0867,133.022,140.3079,282.5699,1.029348
236.3594,1147.18,1050.296,445.8473,973.2262,1223.008,562.4856,524.5041,1172.803,171.6268,139.2134,144.8264,294.403,1.024782
319.5934,1197.677,1093.544,470.3066,987.623,1277.606,575.1254,546.46,1223.089,179.0386,145.3449,149.5445,305.5233,0.9656419
396.7306,1244.652,1133.423,493.8023,1001.963,1327.642,586.7822,571.9669,1281.704,186.5281,151.3655,154.353,315.1587,0.9392009
451.0645,1287.748,1172.096,518.8766,1013.181,1377.091,592.4307,601.8486,1339.223,193.3793,158.0771,158.0111,323.4197,0.8832014
469.7495,1331.934,1211.387,543.7595,1017.395,1429.651,596.0832,633.66,1398.795,200.2143,163.9687,161.8481,331.8293,0.7866052
445.7521,1383.347,1247.898,571.3094,1017.625,1471.748,598.4934,663.986,1462.1,206.986,169.691,165.2179,339.9226,0.7335802
389.4681,1439.052,1280.628,596.0996,1014.706,1512.927,596.6417,697.8788,1528.092,213.265,175.2791,168.8357,346.3871,0.6574321
322.151,1492.992,1307.214,622.2736,1003.356,1550.779,592.1617,727.967,1588.372,218.0217,180.298,171.4168,352.0154,0.6574805
264.1389,1546.103,1324.776,649.6337,988.0637,1586.602,583.4039,759.3765,1642.365,222.0287,184.957,173.4653,355.5869,0.6578548
221.3618,1598.604,1338.93,679.0103,964.5713,1621.169,570.8482,787.5999,1684.602,225.9314,189.7535,174.9933,358.1339,0.706641
191.2229,1643.579,1346.136,705.3677,939.0111,1639.015,555.5198,812.7486,1729.148,228.7779,192.4663,176.1637,358.6192,0.7450735
172.131,1688.792,1350.836,732.7879,908.9408,1655.958,536.3172,840.1624,1768.988,229.6081,195.2091,175.9592,357.0121,0.7754901
158.5208,1726.609,1347.45,763.1853,875.7875,1662.984,512.9137,869.9465,1795.221,229.6029,196.897,175.3852,355.1989,0.7690892
147.2588,1763.005,1334.218,792.0724,838.8546,1656.072,488.3607,896.2998,1817.798,228.9695,197.8715,173.484,351.4107,0.7153333
136.8687,1795.302,1309.225,823.9008,800.1164,1631.369,459.9537,922.68,1828.776,227.2871,198.6623,171.5248,346.0874,0.7326226
127.6508,1823.31,1275.31,854.8046,760.7343,1593.467,431.0699,949.6956,1826.946,223.9161,198.4442,168.6699,338.6588,0.7073048
121.3284,1844.288,1232.189,887.2204,721.0822,1545.651,401.2531,970.0784,1810.549,219.8765,197.0022,164.7434,329.0107,0.7170256
117.2417,1852.52,1177.021,922.7389,679.8719,1491.973,370.2075,988.7864,1780.122,215.3417,194.8348,160.1386,317.7345,0.7223762
115.5033,1849.544,1120.571,955.6083,637.0267,1430.999,339.8483,1005.718,1745.779,209.6064,190.9457,155.0683,304.9064,0.7550909
116.1105,1837.156,1064.561,986.965,596.7587,1362.035,311.0698,1017.721,1700.549,203.1688,186.6234,149.5802,291.307,0.7363961
118.3553,1812.967,1007.46,1017.487,560.1118,1282.509,282.4827,1031.188,1636.304,196.0177,181.6532,144.0134,277.3004,0.7366417
124.8229,1777.008,950.0713,1041.361,524.1403,1198.794,256.5066,1038.317,1557.684,188.1287,176.211,138.0605,262.857,0.7415971
138.7087,1725.484,895.5161,1063.553,489.831,1108.513,232.1651,1040.337,1469.128,179.4616,170.2692,132.3525,248.9305,0.8105285
167.3488,1665.55,840.9426,1086.597,458.5376,1019.54,209.5966,1036.584,1358.601,170.0228,164.0894,127.3988,235.727,0.8488159
216.1635,1597.505,791.0694,1104.047,427.889,938.2679,189.8698,1020.755,1250.541,160.1625,157.4372,120.9842,221.9697,0.8617883
279.6131,1516.038,742.0496,1122.818,401.7783,862.4604,172.5063,994.8522,1145.045,150.6871,150.2276,115.0388,208.0195,0.8542324
341.9273,1417.602,694.2919,1138.561,377.6434,794.8688,156.7888,966.1857,1053.021,140.9791,143.1047,108.79,194.8574,0.8284588
387.1781,1313.619,650.4475,1152.878,354.6044,730.108,143.2711,933.4402,962.2175,131.7224,135.8366,102.5172,181.9582,0.7987743
404.5137,1211.045,610.5643,1158.562,334.0202,670.7922,131.4668,897.7715,877.2122,122.4832,128.5148,96.48546,169.6849,0.7598827
391.6066,1116.601,571.9819,1155.06,313.7846,616.1605,120.7139,862.1495,797.7715,113.3178,121.45,90.71511,158.1563,0.7469418
352.1251,1028.625,535.0839,1143.426,295.7132,566.5089,111.2474,821.0193,729.035,104.681,113.896,85.50336,147.8504,0.7752639
300.4141,950.4109,500.4243,1127.231,280.5341,522.275,102.9556,778.9213,661.0966,96.4515,106.8054,80.84272,138.4125,0.8339788
253.0664,880.0048,469.6935,1105.735,265.7603,482.6683,95.93644,731.5006,599.7406,88.78781,99.93246,76.17871,129.3988,0.8575954
218.4547,815.9742,441.506,1075.016,251.6515,448.6053,89.87392,680.2977,546.5983,81.89613,93.14234,71.71359,120.881,0.842447
193.0964,753.5624,414.8856,1041.794,238.6584,415.6843,84.28098,629.9604,497.4799,75.66876,86.81268,67.34773,112.9338,0.8488879
175.9369,693.0479,388.3025,1005.576,225.0552,386.4786,79.24435,578.7369,450.9848,70.02073,80.88448,63.08281,105.7781,0.777343
164.2921,640.6749,363.9949,961.3735,212.2351,358.5501,75.16487,530.3481,407.7516,64.82413,75.40263,59.21153,99.18543,0.7186387
156.7668,595.5316,341.3604,912.8024,199.3417,334.3884,71.12988,483.424,369.3137,59.76981,70.23755,55.56362,93.27529,0.7264329
151.4806,555.9797,319.1558,861.1191,187.7561,310.6354,67.18784,437.343,336.464,55.34362,65.31172,52.25211,87.59519,0.7087948
147.999,517.6187,297.4088,809.2463,177.4283,288.5587,63.68631,389.9125,306.7666,51.14374,60.52542,49.41354,82.60005,0.6840925
147,481.9311,277.0965,755.891,166.7928,268.135,60.57024,347.5635,280.5757,47.07304,56.06878,46.83561,77.49816,0.6862701
147.1419,447.745,258.0219,703.5919,157.5426,248.658,57.78017,306.918,256.859,43.33033,51.70749,44.32537,73.18466,0.687852
148.4002,415.1756,240.2394,650.621,148.729,229.4352,55.12779,270.7538,234.1579,39.62994,47.83902,41.97619,69.2027,0.6829628
150.8003,383.3017,222.7525,602.1117,140.4884,211.4769,52.70721,238.4364,213.5359,36.69551,44.44405,39.70673,66.02162,0.6966329
153.6005,354.2635,204.724,550.3112,131.9225,194.1947,50.73428,210.7113,194.6782,34.04678,41.43982,37.81716,63.49752,0.6087791
158.4757,327.1088,188.9988,502.005,123.9558,179.2546,49.09533,188.1999,178.0077,31.80207,38.78569,36.11248,60.79829,0.5456002
167.8935,301.9064,175.1286,454.7255,116.467,165.7033,47.07631,168.5271,162.6267,29.91359,36.1949,34.43163,58.60659,0.5208657
182.2759,277.9432,162.2067,409.3877,109.8773,153.3426,45.30779,152.7115,148.5492,28.27789,33.74521,32.89709,56.10117,0.4898226
206.9612,255.1202,151.0273,368.5556,103.1343,143.098,43.71006,139.166,136.5927,26.7585,31.54865,31.65743,53.82384,0.5032796
237.8987,233.9704,139.9492,330.7585,98.53874,134.2379,42.15385,127.0491,125.5944,25.29466,29.55931,30.53493,51.70694,0.5235039
267.2912,214.8368,130.0194,296.4756,94.48956,125.7833,40.66093,116.2767,115.8528,23.89913,27.65453,29.30709,49.65849,0.5226862
289.2151,196.9606,119.3998,266.2133,90.49278,118.1727,38.98067,107.1236,107.2047,22.60937,25.92509,28.21065,48.04813,0.5222464
296.0408,180.5352,110.1788,239.5935,85.53264,110.9694,37.68716,98.99574,99.44368,21.41856,24.46995,27.24653,46.58011,0.5578203
285.4451,166.221,102.0653,215.3939,81.38507,104.9744,36.56673,92.05379,92.63444,20.2366,23.08683,26.37487,45.06187,0.5648236
261.4586,153.1398,94.97049,193.6333,77.7076,100.2315,35.14973,86.84193,85.87571,19.26136,21.76312,25.52971,43.51842,0.5528268
228.3847,141.0445,88.97168,173.5433,73.616,96.23814,34.00169,82.77821,79.78878,18.44497,20.3888,24.57027,42.07505,0.5648864
194.2502,129.2151,84.39082,155.737,69.77711,92.26527,33.24605,78.93668,74.61776,17.71594,19.19458,23.73916,40.23682,0.6342191
164.8211,118.9706,81.104,139.8273,66.75092,88.44032,32.24896,75.57387,69.74279,17.01696,18.29774,22.92956,39.02315,0.6494638
141.1448,109.888,76.20074,125.7926,64.14901,84.00002,31.4938,72.69154,65.323,16.17315,17.36561,22.06258,37.55266,0.6265587
123.6455,101.6584,72.23743,112.8681,61.7966,80.58717,30.7738,69.5203,61.19001,15.57967,16.50443,21.34992,36.09573,0.6059725
109.8527,95.21706,67.96475,100.9172,59.33649,76.76922,30.09361,66.56374,57.73398,14.77884,15.76211,20.70545,34.75576,0.5889212
98.63625,89.49316,63.8658,90.22043,56.90535,73.13609,29.47206,63.9816,54.64115,14.16172,15.10443,20.15987,33.62483,0.6364529
89.19361,84.80769,60.74815,81.03561,54.83381,70.45942,28.36302,61.65373,51.56569,13.70326,14.49929,19.68394,32.70764,0.625114
81.92248,79.84973,58.01228,73.10257,52.3407,68.3899,27.24212,60.31242,48.45921,13.32035,13.96503,19.25309,31.47496,0.6237791
74.40075,74.68867,56.25362,66.29494,50.1454,66.62355,26.52512,59.05335,46.24338,12.87898,13.46262,18.75906,30.37194,0.6356385
67.46041,70.00295,54.96431,59.97201,48.52326,64.15854,25.45087,57.62087,44.46315,12.42504,13.12932,18.34062,29.28819,0.6097715
62.47299,65.64833,53.1181,54.51117,46.99441,61.94911,24.54365,57.0588,42.57864,11.949,12.68285,17.90291,28.32699,0.5553882
59.23686,61.75341,51.34388,49.95721,45.69035,59.5983,24.02345,56.10381,40.88854,11.61662,12.11664,17.52209,27.28597,0.5500429
56.58889,58.78166,49.02855,46.01555,44.22905,56.62932,23.6793,54.99005,39.62081,11.3206,11.5079,17.2115,26.21232,0.4738853
53.79153,56.32296,45.7718,42.29529,42.95865,53.60804,23.4001,53.52613,37.84417,11.1001,11.07543,16.79708,25.224,0.4589853
50.75392,53.87637,43.50224,39.75314,41.25779,51.43917,22.61993,52.16374,36.63207,11.04642,10.76642,16.39914,24.43849,0.4533104
48.41116,51.01764,41.63567,37.13254,39.53757,49.29444,22.23787,50.51122,35.1727,10.66374,10.5132,16.00472,23.61904,0.4863349
45.53082,48.49574,39.85485,34.79953,38.00666,48.46109,21.80999,49.60493,34.01601,10.3642,10.26926,15.6575,22.84103,0.5368851
42.63929,46.36651,38.56715,32.49857,37.47278,47.20145,21.20258,48.69048,33.06892,9.974589,10.20306,15.38851,22.17233,0.556096
40.78184,44.31215,37.3269,30.45009,36.03889,46.41803,20.55904,48.11893,31.59451,9.542124,9.979405,15.18545,21.58711,0.5788978
38.9039,42.32466,36.33966,29.15072,34.56701,45.40454,20.22718,47.81193,30.20963,9.141808,9.599742,14.90175,21.1978,0.5788974
37.00629,40.56331,35.15926,28.57482,33.37091,44.23256,20.27426,47.04943,29.07875,8.831458,9.230906,14.55113,20.79243,0.571309
35.18628,39.06808,34.1395,27.64477,32.71195,43.04604,19.96032,45.78896,27.69072,8.587896,8.895998,14.24367,20.41396,0.5362543
33.79374,37.4267,33.41236,26.89223,32.17823,41.85438,19.76842,44.38741,26.46559,8.26797,8.652685,13.94611,19.95486,0.4774553
32.42924,35.63319,32.57379,25.86374,31.24994,40.36301,19.75076,42.52795,25.64574,7.954773,8.282815,13.70815,19.55658,0.4486618
30.80012,34.18621,31.06524,24.90932,30.62399,39.41472,20.0764,41.08321,24.98,7.914466,7.831304,13.44951,18.95654,0.3918817
29.94756,33.15788,29.94825,24.13932,30.06121,38.39298,19.86909,40.03566,25.04557,7.935105,7.573781,13.02246,18.46531,0.4353764
29.3569,32.0433,28.95187,23.87789,29.14977,37.28961,19.27695,39.08707,25.07646,7.894722,7.396706,12.7458,17.91436,0.4339203
28.82217,30.97859,28.17424,23.71185,28.12604,35.55511,18.95404,38.27518,24.69897,7.735168,7.167759,12.49516,17.26471,0.4401286
27.9458,29.91635,27.35017,24.30687,27.35509,33.80774,18.63807,37.48976,24.28041,7.489613,7.114539,12.22241,16.75517,0.4648637
27.63219,29.13212,26.72802,24.81918,27.3173,32.32911,18.09107,36.24126,23.63474,7.117567,7.068203,11.95665,16.26974,0.5013407
27.68899,28.26881,25.89168,24.51729,26.92521,30.98116,17.65408,35.16115,22.81166,6.732465,6.998372,11.79273,15.911,0.4939978
27.43674,27.36839,25.28101,23.80598,25.94917,29.93985,17.37233,33.89031,22.18564,6.501812,6.806083,11.74284,15.38132,0.4968968
27.32999,26.80471,24.36511,22.80427,25.03786,29.18639,17.57153,32.68845,21.17644,6.227407,6.544675,11.65351,14.95252,0.4123491
27.51246,26.16148,23.45666,21.84854,24.42332,28.69216,17.47057,31.54431,20.34452,6.162255,6.418057,11.38736,14.77652,0.3283301
27.51029,25.50959,22.38784,20.68201,24.12188,28.37708,17.16605,30.64587,19.89373,6.209334,6.318113,11.00325,14.71692,0.2207323
27.18741,24.7189,21.76437,19.15057,23.3298,28.06142,17.1972,29.85131,19.31823,6.255757,6.083393,10.80763,14.19973,0.1997213
26.83155,23.913,21.79449,18.75597,23.13853,26.80323,17.34112,29.33242,18.97943,6.159258,5.945225,10.39991,13.91766,0.1771348
26.15428,23.12983,21.634,19.24519,23.38295,26.07627,17.01551,28.61818,18.78743,6.010641,5.833508,10.04272,13.47972,0.2459684
25.08048,22.10164,21.12963,18.98474,23.2182,25.34064,16.65579,28.10925,18.72577,5.928514,5.787462,9.643495,13.09234,0.2512421
23.96881,21.25158,20.60433,19.04228,22.36722,24.65894,16.32452,27.6214,18.3148,5.86951,5.495985,9.454416,12.39469,0.2632354
22.98242,20.80157,19.99868,19.01302,21.95714,24.35707,15.74805,27.35908,17.79646,5.569094,5.403076,9.417392,11.94382,0.2073193
21.90938,20.01052,19.22706,19.13935,21.55302,24.37421,15.08014,27.0569,17.23886,5.332098,5.40013,9.345258,11.78113,0.1696643
21.50649,19.17012,18.57565,18.67682,21.43915,23.89883,14.36461,26.60526,16.9601,5.172048,5.395519,9.362625,11.56708,0.093362
21.45449,18.99054,18.18217,18.07019,20.7316,23.56751,14.06656,26.31865,16.83165,5.03179,5.253357,9.398046,11.27574,0.09006956
21.12472,18.48981,17.69529,17.8265,20.49765,22.4552,13.74748,25.67306,16.9909,5.072421,5.205594,9.334273,11.12512,0.1072172
21.04478,17.93234,17.02335,18.41404,20.596,21.64753,13.37425,24.97863,17.32195,5.05782,5.12626,9.120443,11.02482,0.1442159
20.4201,17.49683,16.11784,18.64661,20.62344,20.90535,13.05657,23.95264,16.97514,5.117877,5.066735,8.797564,10.70768,0.1801695
19.86367,17.12408,15.60789,18.68538,20.18667,20.17158,13.0107,22.8919,16.51582,5.291642,4.864223,8.613387,10.51085,0.2119493
19.47616,17.06285,15.19903,18.6364,20.00937,19.99875,12.94531,22.33752,15.74406,5.27015,4.674628,8.469797,10.32056,0.213212
18.87276,16.69221,14.8851,18.08297,19.87963,19.74847,12.76005,22.04247,15.54793,5.135142,4.555979,8.200157,10.24504,0.2460467
18.84256,15.9243,15.12386,17.67521,19.74475,19.39738,12.52723,21.7372,15.35983,4.939538,4.583539,8.259709,10.10596,0.2469089
18.41741,15.97492,15.30917,16.98553,19.27377,18.93818,12.27881,21.6246,15.29727,4.725553,4.518734,8.408355,9.850165,0.2196469
17.44435,16.0316,15.17007,16.35293,18.74988,18.53613,12.12426,21.5884,15.70662,4.645519,4.51322,8.454457,9.686104,0.1741147
16.98067,15.67589,14.53885,16.15458,18.4736,18.1086,11.87852,21.51041,15.98473,4.366026,4.55967,8.395315,9.65549,0.1540483
16.32267,15.50204,13.97325,16.33981,17.975,17.5173,11.79335,21.13698,15.95438,4.160603,4.579932,8.250449,9.495283,0.1217132
15.78569,15.27239,13.44219,16.35232,17.52741,16.9722,11.64011,20.62359,15.52834,4.14467,4.540099,8.040373,9.343748,0.1599224
15.03415,14.77322,13.1934,16.24637,17.06114,16.43556,11.78029,20.40853,14.81098,4.074163,4.501303,7.773868,9.317118,0.1651296
14.71438,14.69783,12.84355,16.26766,16.68877,16.0152,11.81249,20.42211,14.09731,4.011733,4.395964,7.351476,9.204767,0.2005893
14.53575,14.34469,12.88669,16.49646,16.37035,15.96155,11.50757,20.1282,13.46627,3.951639,4.319009,7.120358,9.072795,0.1924585
14.20931,14.06794,12.7827,16.42146,15.89737,16.14449,11.20447,19.77936,12.9393,3.919428,4.204404,7.008146,8.889551,0.1618356
13.98557,14.17741,12.48555,15.91431,15.55498,16.52411,11.08762,19.44458,12.69869,3.90064,4.129049,6.806438,8.679095,0.1719644
13.89393,14.14915,12.57414,15.25873,15.58895,16.58547,10.68265,18.91,12.73102,3.886001,3.947181,6.69482,8.503697,0.1706365
14.04154,13.68963,12.47727,14.99237,15.36091,16.34721,10.37614,18.19255,13.11702,3.965971,3.771858,6.703411,8.22239,0.1863412
13.81426,13.51055,12.07264,14.81495,15.45898,15.78457,10.25859,17.55747,13.5539,4.049057,3.65559,6.601298,8.148636,0.1791868
13.2001,13.3685,11.81,14.69493,15.79656,14.99175,10.46827,17.25789,13.6759,4.055315,3.589933,6.5122,8.076541,0.1771628
13.25141,13.59988,11.24309,14.73504,15.69636,14.55076,10.58641,17.07229,13.68899,3.966336,3.522681,6.459698,8.056668,0.2105538
13.49548,13.8145,10.91308,15.05834,15.77039,14.39575,10.5153,16.784,13.74034,3.877311,3.572243,6.290255,8.064792,0.2691302
13.4185,13.62673,10.47811,15.09663,15.47579,14.49123,10.70523,16.29844,13.40651,3.76537,3.628304,6.206216,7.961672,0.3276542
13.25882,13.47605,10.23675,15.07485,15.2898,15.05503,10.65331,16.02928,12.99734,3.609484,3.734408,5.990671,7.888279,0.3427295
12.86228,13.02294,10.37872,15.01959,15.00488,15.07829,10.55705,15.73546,12.62971,3.652657,3.816271,5.800905,7.831072,0.3333895
12.78456,12.30008,11.00342,14.4927,14.57234,15.12565,10.38634,15.50673,12.40431,3.533632,3.82099,5.565814,7.738848,0.3267322
12.80415,11.80591,11.17342,14.21472,14.39217,14.77846,10.16061,15.58151,12.30374,3.443286,3.879166,5.451872,7.693478,0.3021893
12.56707,11.47313,11.21081,14.47485,14.25698,14.56229,9.84587,15.62741,12.37603,3.337907,3.881108,5.318554,7.632122,0.2099166
12.79457,11.16213,11.17427,14.87137,14.13558,14.29777,9.407629,15.69967,12.25114,3.232431,3.867016,5.292884,7.661502,0.1716099
13.03833,11.13393,11.30934,14.73214,13.70603,14.07693,9.081046,15.31482,12.45048,3.208455,3.772691,5.203629,7.834626,0.1736006
12.57906,11.29327,11.35055,14.70587,13.70078,14.07005,8.964734,14.96961,12.19383,3.286319,3.719681,5.121595,7.575203,0.2232819
12.5329,11.31006,11.21502,15.13616,13.59286,14.05507,8.906707,14.61778,11.42727,3.359729,3.692821,5.130584,7.353563,0.2436718
12.14818,11.02173,10.94141,15.21887,13.31872,14.1545,9.081145,14.26916,11.32353,3.357038,3.668335,5.068533,7.187584,0.2275939
12.07519,10.67297,10.65592,14.89151,13.20272,13.79781,9.402673,14.07305,11.03096,3.239756,3.634933,5.073519,7.02826,0.2697454
12.05454,10.86148,10.18846,13.82312,13.17794,13.18093,9.373115,14.08807,10.98372,3.133019,3.582313,5.088607,6.842904,0.3250172
11.995,10.70699,9.602627,13.83548,13.26888,13.10282,9.261505,14.28782,11.07788,3.05438,3.556849,5.124965,6.867901,0.2941866
12.12481,10.97145,9.39185,13.75262,13.25058,13.28412,9.087913,14.25284,11.382,2.9781,3.577334,5.157833,6.951358,0.2627918
12.00759,11.49996,9.348236,13.1534,13.30535,13.14721,8.841905,14.25219,11.43343,3.017164,3.549109,5.181794,7.18629,0.2273689
12.03008,11.94263,9.822085,12.69392,13.52687,13.12088,8.609411,14.197,11.46312,3.115719,3.594617,5.201564,7.056085,0.2090417
12.04284,11.99631,10.2497,12.50745,13.58324,12.94782,8.635285,14.00329,10.87587,3.197769,3.672386,5.156771,6.885865,0.1938853
11.65198,11.38558,10.46784,12.21282,13.13037,12.99702,8.715033,13.72964,11.09633,3.211374,3.703119,5.165819,6.831628,0.2288638
11.03428,11.19527,10.62359,11.85788,12.40536,13.08219,8.542039,13.58137,11.23529,3.195041,3.746449,5.184507,6.722162,0.2646028
10.67968,10.69037,10.52123,11.28146,12.11687,13.15786,8.352369,13.59306,11.09077,3.129545,3.774884,5.114457,6.68059,0.3229472
10.33498,10.00748,10.38406,10.86585,11.76487,13.41368,8.008741,13.7889,11.07317,2.965594,3.668435,4.932483,6.714352,0.3338893
10.06997,10.10384,10.30789,10.26541,11.4517,13.21321,7.766004,14.0517,11.30596,2.813695,3.548604,4.676608,6.740777,0.3557334
9.711166,10.5138,10.07681,9.752084,11.64644,12.94861,7.562137,14.28869,11.29924,2.783254,3.564168,4.516425,6.828905,0.3978222
9.550756,10.82624,9.840067,9.468366,11.94126,12.3479,7.471697,14.58588,11.16752,2.831016,3.598878,4.424831,6.936804,0.3942895
9.61815,11.02673,9.780482,9.356929,12.30166,11.93146,7.604921,14.74524,11.29167,2.905076,3.5141,4.469922,6.961826,0.392838
9.647608,11.38286,9.45183,9.347919,12.41818,11.86285,7.861397,14.81763,11.28164,2.974003,3.377429,4.430035,6.953156,0.3842373
9.615613,12.2455,9.272056,9.417834,12.31358,11.96919,7.960822,14.98914,10.9851,3.049818,3.387816,4.522871,6.882047,0.4061612
9.88325,12.04083,9.115734,9.450943,12.26713,12.50459,8.074629,15.07592,10.36659,2.998391,3.360481,4.62622,6.75413,0.4108996
10.04833,11.35902,9.177874,9.183478,12.00968,12.76565,8.059652,15.09926,10.052,2.93499,3.299011,4.632312,6.696679,0.3801229
10.19367,10.89703,9.377552,8.649828,11.57857,12.63897,7.968681,15.32121,9.700997,2.78581,3.323339,4.58238,6.616048,0.3876303
9.940782,10.50268,9.509936,7.939024,11.25421,12.40542,7.831837,15.02218,9.651048,2.749433,3.471684,4.484522,6.491808,0.3982127
9.616289,10.10602,9.66457,7.650129,11.16284,12.16715,7.649956,14.79132,9.924279,2.728338,3.621716,4.416789,6.461126,0.4100562
9.312049,10.06764,9.540846,7.26817,10.83264,11.98939,7.441958,14.58526,10.72698,2.828243,3.705683,4.385644,6.461038,0.4009666
9.041525,10.28788,9.310307,7.005113,10.87531,11.95448,7.242703,14.38538,11.39477,2.872571,3.59901,4.398051,6.387703,0.4257137
8.95949,10.35969,8.874323,7.143278,11.26838,12.04873,7.235172,14.29949,11.78855,2.949652,3.559208,4.331982,6.237411,0.4285236
8.960723,10.32017,8.555048,7.180962,11.60582,12.20869,7.186908,14.39174,12.04651,2.96679,3.39289,4.341815,6.22079,0.438071
9.007232,9.614318,8.526966,7.323399,11.63252,12.52502,6.993424,14.37865,11.9828,2.865766,3.17526,4.272304,6.299338,0.412015
8.839071,8.972791,8.540513,7.307456,11.56396,12.54602,7.017427,14.3989,11.49863,2.782936,3.202856,4.218074,6.30097,0.3851396
8.529472,8.99878,8.601722,7.204426,11.59019,12.52147,6.814851,14.5796,11.0632,2.753735,3.193593,4.169589,6.254937,0.3647748
8.522974,9.359876,8.615449,7.109795,11.28821,12.49609,6.717789,14.58272,10.87007,2.814236,3.206035,4.099908,6.343334,0.3498793
8.086343,9.778466,8.694549,7.068406,10.83569,12.66827,6.66161,14.65278,10.48558,2.84429,3.314352,4.067627,6.351799,0.3377173
7.641824,9.903691,8.60661,6.919765,10.56821,12.54058,6.555909,14.5206,9.989261,2.86266,3.279779,4.089567,6.359293,0.4113292
7.826052,9.963508,8.549859,6.951461,10.44552,12.23187,6.750383,14.34795,9.884118,2.969064,3.405849,4.099986,6.360183,0.4153851
8.057781,10.12989,8.577725,6.831245,10.60071,12.14168,6.959249,14.43817,10.14978,2.885699,3.391647,4.047901,6.394083,0.4088012
8.425114,9.810809,8.978555,7.051228,10.65002,12.10398,7.14832,14.36327,10.16845,2.707721,3.33202,4.06429,6.428126,0.410301
8.237206,9.351998,9.106127,7.221514,10.66785,11.77383,7.204724,14.18546,10.58432,2.668867,3.339385,4.029423,6.281869,0.4101504
8.334063,9.265802,9.052157,7.450802,10.8034,11.52116,7.104115,14.18621,10.43304,2.743895,3.229333,4.061112,6.084337,0.3908851
8.331825,9.446278,8.624452,7.307449,10.47744,11.86792,6.929066,14.36156,10.01211,2.682651,3.034407,4.13991,5.989387,0.4068948
7.941689,9.528829,8.356341,6.966599,10.07766,12.17762,6.928441,14.45441,9.50093,2.692404,2.953707,4.207169,5.810184,0.3797494
7.785712,9.337713,8.029594,6.827765,10.12196,12.66677,6.761424,14.48938,9.038817,2.719804,2.925547,4.195145,5.715124,0.4164521
7.99683,9.116382,7.718255,6.454072,10.11198,12.59398,6.674026,14.59038,8.88298,2.731552,2.923649,4.170753,5.656575,0.42318
8.284016,8.955588,7.742711,5.881656,9.759809,12.52188,6.656944,14.68295,9.140738,2.699737,2.949122,4.127608,5.656115,0.4086274
8.369661,8.872707,7.82388,5.413893,9.894544,12.31722,6.679728,14.70441,9.649466,2.564234,3.068085,4.107966,5.610965,0.4457805
8.293334,8.813657,7.825497,5.465481,9.911391,11.70207,6.70289,14.69683,10.11349,2.565058,3.085034,4.106838,5.58634,0.4278813
8.066229,8.815825,7.440258,5.497344,9.942834,11.39439,6.61729,14.53088,10.14816,2.519446,3.104436,4.068241,5.495522,0.4521353
8.008759,8.968757,7.117636,5.693178,9.855992,11.30782,6.512801,14.48822,9.480359,2.488723,3.035722,3.996337,5.557516,0.4418154
7.675472,9.014746,6.915465,5.805812,9.846434,10.96704,6.678147,14.58648,9.538208,2.517767,2.93647,3.93248,5.615148,0.4241138
7.562756,9.085957,6.800357,6.187966,10.11272,10.81848,6.884687,14.58846,9.501979,2.698902,2.873441,3.850267,5.566639,0.4302675
7.450493,8.802758,6.795311,6.462754,10.27798,10.79516,6.857736,14.57314,9.250841,2.75821,2.72899,3.742219,5.51598,0.435865
7.456851,8.19381,7.191814,6.387083,9.90411,10.50665,6.775224,14.47036,9.300056,2.727982,2.567054,3.603046,5.479456,0.4104301
7.33941,8.063241,7.052123,6.460958,9.67,11.05025,6.583081,14.0561,9.245847,2.762781,2.556051,3.561291,5.353523,0.431714
7.063274,7.855876,6.77513,6.262836,9.536865,11.69968,6.630242,13.85913,9.280191,2.679651,2.549949,3.572945,5.307689,0.4393629
6.749846,7.985389,6.808185,5.863346,9.202252,12.0272,6.436943,13.49316,9.585973,2.486786,2.579679,3.60424,5.220259,0.4409827
6.713912,8.123479,6.817694,5.992685,9.100113,11.9204,6.364517,13.44674,9.851357,2.355884,2.722051,3.57792,5.265405,0.4626809
6.831969,8.239873,6.834969,5.846213,8.896259,11.20682,6.327907,13.60306,10.15702,2.313705,2.846063,3.622676,5.41988,0.4643929
6.885424,8.167352,7.223907,5.781942,9.140753,10.51009,6.349109,13.76826,9.780617,2.341429,2.903986,3.675014,5.393443,0.4834564
6.509634,8.290807,7.333605,5.662815,9.276768,9.727749,6.303199,13.83406,9.43487,2.404083,2.93008,3.677963,5.344398,0.4862085
6.352633,8.076294,7.341816,5.336517,9.518366,9.353537,6.264525,13.90042,9.130315,2.349568,2.882159,3.637772,5.264107,0.5222179
6.219388,7.98859,7.045588,5.453029,9.505263,9.63785,6.331123,13.76622,9.307651,2.438996,2.846406,3.671454,5.169863,0.5312684
6.048178,7.838366,6.383254,5.092236,9.578109,10.41952,6.671742,13.49328,9.027788,2.471467,2.836556,3.715641,5.098168,0.5191407
5.956125,7.823489,6.567872,4.852819,9.143351,10.57214,6.727611,13.30454,9.239928,2.467136,2.824934,3.681098,5.103989,0.5295267
5.55283,7.844116,6.513861,4.957659,8.961324,10.48554,6.608491,13.20824,9.443848,2.391883,2.820435,3.658256,5.116627,0.544099
5.564487,7.667571,6.619621,4.961973,8.826901,9.96282,6.536238,13.16978,9.165778,2.430201,2.841522,3.579644,5.184485,0.5075822
5.548516,7.315961,6.878134,4.968299,8.564779,9.412439,6.543612,12.98894,8.706707,2.546625,2.776548,3.493309,5.231316,0.5197045
5.448638,7.119566,6.986439,5.145718,8.481413,8.893149,6.537704,12.81816,8.539886,2.631728,2.772694,3.439053,5.219766,0.5045467
5.539912,7.300506,6.794726,5.144602,8.584908,8.709926,6.579769,12.77286,8.615192,2.607337,2.697874,3.361372,5.212434,0.4941049
5.763711,7.327113,6.524791,5.112698,8.618257,9.136727,6.714797,12.82618,9.181386,2.624862,2.656474,3.338759,5.120124,0.5152846
6.010529,6.947061,5.919285,4.989669,8.662504,9.590996,6.762508,12.80982,9.447493,2.541692,2.618804,3.393869,5.047602,0.5036816
6.148039,7.004991,5.661469,4.90136,8.994141,9.916054,6.872893,12.98705,9.457547,2.370396,2.632216,3.460485,5.072042,0.535689
6.007268,7.057156,5.478393,4.975443,9.377253,10.38932,6.614456,13.05338,9.465347,2.246041,2.614743,3.462937,4.995368,0.5314047
5.55323,7.093722,5.328804,4.940481,9.613031,10.43798,6.541275,13.08284,8.978085,2.061016,2.564686,3.432778,4.964285,0.5442303
5.423306,7.05448,5.281962,5.122577,9.605883,10.33823,6.690518,13.15925,8.523538,2.222771,2.558924,3.406602,4.99895,0.5064043
4.786653,7.011929,5.181513,5.299903,9.205473,10.57912,6.703335,13.12294,8.324886,2.1094,2.532905,3.465675,4.98432,0.4526792
4.602116,7.253109,5.36277,5.254431,8.683912,10.31797,6.660259,12.91742,8.412394,2.060439,2.452445,3.423091,5.034363,0.3739997
4.418169,7.24142,5.324106,5.237627,8.291105,9.925269,6.495174,12.71073,8.574398,2.189934,2.445255,3.350803,5.043225,0.3937402
4.374825,6.940516,5.115568,5.254274,8.057169,9.40786,6.35932,12.52017,8.611648,2.202846,2.408695,3.343616,5.028909,0.4214678
4.299657,6.640743,5.052945,5.19304,8.567031,9.009868,6.330064,12.55062,9.07667,2.182376,2.46195,3.353456,5.068153,0.423687
4.50409,6.408076,5.000701,5.149302,8.823469,8.64204,6.33744,12.49563,9.172379,2.186,2.539488,3.386419,5.079919,0.4498893
3.986902,5.775412,4.995273,4.843757,8.872546,8.372124,6.426917,12.44186,8.975218,2.167225,2.644497,3.350046,5.071802,0.4797864
3.700687,5.677391,4.925508,4.496918,8.759127,8.351304,6.403438,12.58235,8.681173,2.186012,2.781157,3.35042,5.084763,0.4882398
3.584932,5.920554,4.913599,4.124328,8.597122,8.812252,6.364168,12.58134,8.517164,2.015651,2.843689,3.35779,4.985875,0.4618271
3.774619,6.25727,4.99014,3.877306,7.661533,8.769621,6.155765,12.37206,8.877952,1.915254,2.826427,3.413751,4.964777,0.4508862
4.128201,6.661746,5.074339,4.038841,7.397501,9.085268,5.938733,11.97463,8.477944,2.007838,2.774782,3.368145,4.950538,0.4545437
4.461205,6.811383,4.795037,4.27336,7.230524,8.942625,5.754129,11.71779,7.653479,2.200594,2.613605,3.36079,4.926,0.4754547
4.697894,6.789068,4.903919,4.525749,7.492981,8.964241,5.827677,11.59455,7.291669,2.355118,2.477664,3.40865,4.913272,0.4666112
4.801906,6.452065,5.053794,4.626966,7.800968,9.352459,6.102431,11.47903,7.139125,2.426722,2.29847,3.361323,4.988618,0.4450353
4.28157,6.337156,5.102225,4.666678,7.8429,8.733479,6.096493,11.55385,7.142863,2.394491,2.229841,3.327983,4.981082,0.4403941
3.767133,6.44374,5.191403,4.674117,7.894435,8.406372,6.047607,11.72818,7.520297,2.361165,2.204019,3.284607,4.966597,0.4405827
3.400912,6.664372,5.274318,4.669303,7.857253,8.123388,5.898584,12.04299,7.979006,2.154606,2.162154,3.250734,4.985264,0.507506
3.103225,7.091216,5.178159,4.581154,7.796419,7.825662,5.779583,12.20129,8.562661,2.012658,2.152514,3.251024,4.959105,0.57559
3.095891,6.889592,4.807078,4.759634,7.739179,7.82048,5.888663,12.14063,8.697938,1.953793,2.183588,3.350713,4.83991,0.5936878
3.153827,6.694622,4.556919,4.675538,7.738426,8.01356,5.735112,11.99172,8.0188,1.947505,2.232113,3.334774,4.739321,0.5980023
2.991328,6.289232,4.458688,4.423438,7.56295,8.48686,5.766346,11.77663,7.544159,2.037795,2.281164,3.395944,4.571906,0.565052
2.961598,5.900973,4.429723,4.105894,7.460498,8.762533,5.942249,11.36764,7.263807,2.077407,2.34059,3.333549,4.43119,0.5315481
2.982459,6.034719,4.242143,4.094384,7.348269,8.809123,5.875856,11.20609,7.142509,2.087324,2.332605,3.281194,4.329402,0.4748198
2.927099,6.228683,4.016364,4.330581,7.276916,8.533113,5.862172,11.22285,7.171706,2.127263,2.309608,3.289769,4.329614,0.4144551
2.781454,6.081424,3.875558,4.48419,7.214441,8.560586,5.958602,11.37791,7.565898,2.033062,2.247339,3.28357,4.460994,0.4216501
2.754435,6.367738,3.61788,4.481559,7.261317,8.177136,6.077646,11.74022,7.797745,2.077128,2.241475,3.295693,4.444298,0.4752712
2.868761,6.506089,3.488552,4.447392,7.556942,7.936202,6.301647,12.01532,8.3753,2.112476,2.249881,3.344181,4.475475,0.5226697
2.98675,6.353142,3.781643,4.5866,7.693263,8.129056,6.454724,12.06261,8.429557,2.07604,2.317124,3.405954,4.509818,0.4995378
3.0152,6.102474,3.938067,4.339907,7.566163,8.548094,6.765142,11.95932,8.416639,2.130739,2.380077,3.407906,4.542365,0.5387011
3.099187,5.606558,4.186773,4.346783,7.397336,8.654734,7.280286,11.67039,8.266846,2.174534,2.444261,3.286887,4.475502,0.5714371
3.208265,5.780221,4.080897,4.373988,7.407321,8.977947,7.401406,11.29989,8.238665,2.242621,2.433816,3.22801,4.574977,0.5948917
3.172843,5.789864,3.928934,4.501551,7.477846,8.893459,7.509894,10.97272,7.923213,2.0804,2.308822,3.223065,4.736666,0.6150866
3.101825,5.466776,3.761411,4.505692,7.587387,9.099431,7.749314,10.6225,7.681936,2.039124,2.16372,3.191246,4.894215,0.6174556
2.833034,5.349658,3.664677,4.407888,7.623965,9.390941,7.71804,10.21174,7.592596,2.068809,2.036459,3.221409,4.885344,0.5949942
2.881544,5.243084,3.564314,4.087922,7.57479,9.545614,7.385893,10.21982,7.706414,2.087505,1.938097,3.233283,4.864407,0.6157442
2.603293,5.161538,3.674344,3.982723,7.338227,9.324276,7.171053,10.44757,7.259518,2.106976,1.904808,3.204043,4.758961,0.586785
2.666553,4.887137,3.679877,4.034586,6.893351,9.177287,6.856167,10.72787,6.97997,2.040676,1.922909,3.170001,4.562025,0.613126
2.796729,4.415276,3.768303,4.250783,6.651361,8.702966,6.435118,11.03804,6.947368,2.046185,2.091737,3.143689,4.479324,0.6697766
2.629869,4.306004,3.953262,4.398068,6.539136,8.22198,6.120543,11.3378,6.917498,2.042943,2.270104,3.157485,4.468078,0.7055114
2.329105,4.481569,4.015111,4.451951,6.613356,7.838937,6.061625,11.28855,6.800951,1.994087,2.338138,3.147872,4.554029,0.710332
2.041977,4.924407,3.840848,4.729072,6.74187,7.394598,6.348717,11.36001,7.019911,1.895389,2.313486,3.137242,4.626434,0.7104438
1.628468,4.69213,3.857571,4.806982,7.025982,7.462379,6.681004,11.15413,7.052101,1.954302,2.24052,3.116935,4.631128,0.6546542
1.739282,5.111637,3.831724,4.647267,7.195537,7.591629,6.974888,10.91903,7.380508,1.958826,2.11793,3.179301,4.623843,0.6295056
1.795748,5.455559,3.679571,4.466181,7.086205,7.449871,7.340697,10.82158,7.338593,1.93613,2.132112,3.14028,4.590257,0.6055712
1.78009,5.698859,3.442976,4.386626,6.977534,7.179593,7.523441,10.82286,7.034988,1.78509,2.168191,3.129019,4.494186,0.6442742
2.034114,5.639887,3.223743,4.400234,6.811899,7.087816,7.249999,10.57264,6.63411,1.761509,2.274943,3.133773,4.452957,0.6567385
2.017944,5.473221,3.232192,4.331645,6.623058,6.906063,7.164997,10.39054,6.42282,1.806574,2.43803,3.266591,4.481345,0.6812251
2.121468,5.67499,3.328872,4.133501,6.319004,6.979023,7.047601,10.28823,6.365889,1.855401,2.470811,3.283484,4.519985,0.6332623
2.084479,5.768394,3.186493,4.143186,6.352818,6.724714,6.994223,10.14466,6.713252,1.910243,2.476433,3.277927,4.608744,0.5285743
2.204285,5.563396,3.119196,4.150428,6.498374,6.866776,6.935194,10.2526,7.122056,1.936946,2.401816,3.29209,4.607962,0.504045
2.048166,5.66228,3.17116,4.084042,6.680737,7.017968,6.84617,10.39307,7.210007,2.008013,2.356081,3.319796,4.586892,0.5384783
1.872659,5.518121,3.262746,4.183381,6.905446,6.826642,6.556467,10.39372,7.392162,2.024705,2.345353,3.252639,4.730683,0.544007
1.685215,5.146884,3.25174,4.088229,6.864869,6.300542,6.593241,10.43674,7.324177,1.895724,2.257752,3.204612,4.79856,0.5576921
2.153312,5.030312,3.171869,3.981738,7.092827,6.379514,6.370743,10.45242,6.754488,1.870543,2.204825,3.203998,4.668423,0.6211742
2.058161,4.939294,3.082267,3.864435,7.114158,6.52762,6.22191,10.39284,6.562322,1.876823,2.214083,3.241582,4.584349,0.674174
2.155473,5.110277,3.129926,3.697463,7.04153,6.433873,6.050296,10.48035,6.523539,1.848796,2.246978,3.224025,4.466887,0.6788117
2.328248,5.348534,3.037569,3.701264,7.138981,6.354087,5.910089,10.42487,6.354636,1.864869,2.289633,3.189797,4.401126,0.6168078
2.456447,5.630443,2.912712,3.780468,7.115426,6.471688,5.854532,10.27828,6.434502,1.831617,2.322186,3.194721,4.314918,0.6268783
